time,wave_height,swell_wave_height,wind_wave_height
2023-12-01T00:00,1.88,1.48,0.14
2023-12-01T01:00,1.86,1.46,0.16
2023-12-01T02:00,1.84,1.46,0.2
2023-12-01T03:00,1.82,1.44,0.22
2023-12-01T04:00,1.82,1.46,0.26
2023-12-01T05:00,1.84,1.48,0.28
2023-12-01T06:00,1.84,1.5,0.32
2023-12-01T07:00,1.88,1.54,0.34
2023-12-01T08:00,1.92,1.58,0.36
2023-12-01T09:00,1.96,1.62,0.38
2023-12-01T10:00,1.92,1.62,0.38
2023-12-01T11:00,1.88,1.64,0.4
2023-12-01T12:00,1.84,1.64,0.4
2023-12-01T13:00,1.82,1.62,0.38
2023-12-01T14:00,1.82,1.6,0.36
2023-12-01T15:00,1.8,1.58,0.34
2023-12-01T16:00,1.78,1.58,0.32
2023-12-01T17:00,1.76,1.56,0.28
2023-12-01T18:00,1.74,1.56,0.26
2023-12-01T19:00,1.74,1.62,0.24
2023-12-01T20:00,1.76,1.68,0.22
2023-12-01T21:00,1.76,1.74,0.2
2023-12-01T22:00,1.74,1.72,0.18
2023-12-01T23:00,1.72,1.72,0.16
2023-12-02T00:00,1.7,1.7,0.14
2023-12-02T01:00,1.7,1.68,0.16
2023-12-02T02:00,1.68,1.68,0.18
2023-12-02T03:00,1.68,1.66,0.2
2023-12-02T04:00,1.66,1.64,0.22
2023-12-02T05:00,1.66,1.6,0.26
2023-12-02T06:00,1.64,1.58,0.28
2023-12-02T07:00,1.66,1.6,0.26
2023-12-02T08:00,1.66,1.64,0.24
2023-12-02T09:00,1.68,1.66,0.22
2023-12-02T10:00,1.66,1.62,0.2
2023-12-02T11:00,1.62,1.6,0.16
2023-12-02T12:00,1.6,1.56,0.14
2023-12-02T13:00,1.56,1.52,0.1
2023-12-02T14:00,1.5,1.46,0.04
2023-12-02T15:00,1.46,1.42,0.0
2023-12-02T16:00,1.44,1.4,0.0
2023-12-02T17:00,1.42,1.36,0.0
2023-12-02T18:00,1.4,1.34,0.0
2023-12-02T19:00,1.4,1.34,0.0
2023-12-02T20:00,1.42,1.36,0.0
2023-12-02T21:00,1.42,1.36,0.0
2023-12-02T22:00,1.44,1.38,0.02
2023-12-02T23:00,1.48,1.38,0.04
2023-12-03T00:00,1.5,1.4,0.06
2023-12-03T01:00,1.5,1.4,0.12
2023-12-03T02:00,1.52,1.38,0.18
2023-12-03T03:00,1.52,1.38,0.24
2023-12-03T04:00,1.5,1.36,0.24
2023-12-03T05:00,1.5,1.32,0.26
2023-12-03T06:00,1.48,1.3,0.26
2023-12-03T07:00,1.48,1.28,0.26
2023-12-03T08:00,1.46,1.26,0.28
2023-12-03T09:00,1.46,1.24,0.28
2023-12-03T10:00,1.46,1.22,0.28
2023-12-03T11:00,1.46,1.18,0.26
2023-12-03T12:00,1.46,1.16,0.26
2023-12-03T13:00,1.48,1.16,0.32
2023-12-03T14:00,1.52,1.18,0.38
2023-12-03T15:00,1.54,1.18,0.44
2023-12-03T16:00,1.56,1.18,0.54
2023-12-03T17:00,1.6,1.16,0.62
2023-12-03T18:00,1.62,1.16,0.72
2023-12-03T19:00,1.64,1.16,0.78
2023-12-03T20:00,1.68,1.16,0.82
2023-12-03T21:00,1.7,1.16,0.88
2023-12-03T22:00,1.7,1.14,0.9
2023-12-03T23:00,1.7,1.14,0.94
2023-12-04T00:00,1.7,1.12,0.96
2023-12-04T01:00,1.7,1.08,0.96
2023-12-04T02:00,1.68,1.04,0.98
2023-12-04T03:00,1.68,1.0,0.98
2023-12-04T04:00,1.68,0.96,0.98
2023-12-04T05:00,1.68,0.9,0.96
2023-12-04T06:00,1.68,0.86,0.96
2023-12-04T07:00,1.72,0.86,1.0
2023-12-04T08:00,1.74,0.86,1.06
2023-12-04T09:00,1.78,0.86,1.1
2023-12-04T10:00,1.84,0.86,1.16
2023-12-04T11:00,1.88,0.86,1.24
2023-12-04T12:00,1.94,0.86,1.3
2023-12-04T13:00,1.98,0.88,1.34
2023-12-04T14:00,2.04,0.92,1.36
2023-12-04T15:00,2.08,0.94,1.4
2023-12-04T16:00,2.1,0.98,1.38
2023-12-04T17:00,2.12,1.0,1.38
2023-12-04T18:00,2.14,1.04,1.36
2023-12-04T19:00,2.12,1.08,1.18
2023-12-04T20:00,2.1,1.1,1.02
2023-12-04T21:00,2.08,1.14,0.84
2023-12-04T22:00,2.02,1.2,0.72
2023-12-04T23:00,1.98,1.24,0.58
2023-12-05T00:00,1.92,1.3,0.46
2023-12-05T01:00,1.88,1.28,0.36
2023-12-05T02:00,1.82,1.28,0.28
2023-12-05T03:00,1.78,1.26,0.18
2023-12-05T04:00,1.72,1.22,0.12
2023-12-05T05:00,1.68,1.2,0.06
2023-12-05T06:00,1.62,1.16,0.0
2023-12-05T07:00,1.58,1.14,0.06
2023-12-05T08:00,1.54,1.14,0.12
2023-12-05T09:00,1.5,1.12,0.18
2023-12-05T10:00,1.52,1.12,0.26
2023-12-05T11:00,1.52,1.1,0.32
2023-12-05T12:00,1.54,1.1,0.4
2023-12-05T13:00,1.54,1.02,0.5
2023-12-05T14:00,1.54,0.92,0.62
2023-12-05T15:00,1.54,0.84,0.72
2023-12-05T16:00,1.6,0.82,0.82
2023-12-05T17:00,1.64,0.82,0.94
2023-12-05T18:00,1.7,0.8,1.04
2023-12-05T19:00,2.0,1.08,1.24
2023-12-05T20:00,2.28,1.36,1.46
2023-12-05T21:00,2.58,1.64,1.66
2023-12-05T22:00,2.9,1.92,1.84
2023-12-05T23:00,3.22,2.22,2.04
2023-12-06T00:00,3.54,2.5,2.22
2023-12-06T01:00,3.7,2.62,2.34
2023-12-06T02:00,3.86,2.72,2.44
2023-12-06T03:00,4.02,2.84,2.56
2023-12-06T04:00,4.1,2.84,2.64
2023-12-06T05:00,4.16,2.82,2.72
2023-12-06T06:00,4.24,2.82,2.8
2023-12-06T07:00,4.3,2.68,2.94
2023-12-06T08:00,4.36,2.56,3.08
2023-12-06T09:00,4.42,2.42,3.22
2023-12-06T10:00,4.68,2.48,3.42
2023-12-06T11:00,4.94,2.56,3.6
2023-12-06T12:00,5.2,2.62,3.8
2023-12-06T13:00,5.3,2.96,3.84
2023-12-06T14:00,5.4,3.32,3.88
2023-12-06T15:00,5.5,3.66,3.92
2023-12-06T16:00,5.46,3.82,3.64
2023-12-06T17:00,5.4,3.98,3.34
2023-12-06T18:00,5.36,4.14,3.06
2023-12-06T19:00,5.3,3.92,2.78
2023-12-06T20:00,5.24,3.7,2.48
2023-12-06T21:00,5.18,3.48,2.2
2023-12-06T22:00,5.1,3.76,1.94
2023-12-06T23:00,5.0,4.04,1.66
2023-12-07T00:00,4.92,4.32,1.4
2023-12-07T01:00,4.92,4.32,1.62
2023-12-07T02:00,4.9,4.3,1.84
2023-12-07T03:00,4.9,4.3,2.06
2023-12-07T04:00,4.88,4.18,2.2
2023-12-07T05:00,4.86,4.06,2.36
2023-12-07T06:00,4.84,3.94,2.5
2023-12-07T07:00,4.84,3.84,2.72
2023-12-07T08:00,4.86,3.76,2.96
2023-12-07T09:00,4.86,3.66,3.18
2023-12-07T10:00,4.82,3.5,3.28
2023-12-07T11:00,4.78,3.32,3.38
2023-12-07T12:00,4.74,3.16,3.48
2023-12-07T13:00,5.08,3.48,3.64
2023-12-07T14:00,5.42,3.8,3.8
2023-12-07T15:00,5.76,4.12,3.96
2023-12-07T16:00,6.28,4.74,4.02
2023-12-07T17:00,6.82,5.34,4.1
2023-12-07T18:00,7.34,5.96,4.16
2023-12-07T19:00,7.38,5.98,4.2
2023-12-07T20:00,7.44,6.02,4.24
2023-12-07T21:00,7.48,6.04,4.28
2023-12-07T22:00,7.36,5.8,4.34
2023-12-07T23:00,7.22,5.56,4.42
2023-12-08T00:00,7.1,5.32,4.48
2023-12-08T01:00,7.06,4.82,4.78
2023-12-08T02:00,7.02,4.3,5.06
2023-12-08T03:00,6.98,3.8,5.36
2023-12-08T04:00,7.06,3.32,5.72
2023-12-08T05:00,7.14,2.82,6.08
2023-12-08T06:00,7.22,2.34,6.44
2023-12-08T07:00,7.56,1.84,6.96
2023-12-08T08:00,7.92,1.34,7.5
2023-12-08T09:00,8.26,0.84,8.02
2023-12-08T10:00,8.36,0.76,8.14
2023-12-08T11:00,8.48,0.66,8.26
2023-12-08T12:00,8.58,0.58,8.38
2023-12-08T13:00,8.34,1.02,7.94
2023-12-08T14:00,8.12,1.48,7.52
2023-12-08T15:00,7.88,1.92,7.08
2023-12-08T16:00,7.52,2.92,6.2
2023-12-08T17:00,7.14,3.9,5.34
2023-12-08T18:00,6.78,4.9,4.46
2023-12-08T19:00,6.42,5.02,3.7
2023-12-08T20:00,6.08,5.16,2.96
2023-12-08T21:00,5.72,5.28,2.2
2023-12-08T22:00,5.42,5.08,1.82
2023-12-08T23:00,5.1,4.88,1.42
2023-12-09T00:00,4.8,4.68,1.04
2023-12-09T01:00,4.66,4.1,1.76
2023-12-09T02:00,4.52,3.5,2.46
2023-12-09T03:00,4.38,2.92,3.18
2023-12-09T04:00,4.56,2.48,3.66
2023-12-09T05:00,4.76,2.02,4.16
2023-12-09T06:00,4.94,1.58,4.64
2023-12-09T07:00,5.2,1.48,4.92
2023-12-09T08:00,5.46,1.4,5.22
2023-12-09T09:00,5.72,1.3,5.5
2023-12-09T10:00,5.68,1.36,5.44
2023-12-09T11:00,5.64,1.4,5.4
2023-12-09T12:00,5.6,1.46,5.34
2023-12-09T13:00,5.5,1.66,5.14
2023-12-09T14:00,5.42,1.84,4.96
2023-12-09T15:00,5.32,2.04,4.76
2023-12-09T16:00,5.32,2.6,4.32
2023-12-09T17:00,5.32,3.18,3.86
2023-12-09T18:00,5.32,3.74,3.42
2023-12-09T19:00,5.1,3.84,3.02
2023-12-09T20:00,4.86,3.92,2.64
2023-12-09T21:00,4.64,4.02,2.24
2023-12-09T22:00,4.58,4.08,2.0
2023-12-09T23:00,4.54,4.16,1.78
2023-12-10T00:00,4.48,4.22,1.54
2023-12-10T01:00,4.54,4.22,1.64
2023-12-10T02:00,4.6,4.24,1.72
2023-12-10T03:00,4.66,4.24,1.82
2023-12-10T04:00,4.74,4.02,1.82
2023-12-10T05:00,4.8,3.78,1.84
2023-12-10T06:00,4.88,3.56,1.84
2023-12-10T07:00,5.06,3.84,2.26
2023-12-10T08:00,5.22,4.1,2.68
2023-12-10T09:00,5.4,4.38,3.1
2023-12-10T10:00,5.86,4.34,3.76
2023-12-10T11:00,6.32,4.28,4.42
2023-12-10T12:00,6.78,4.24,5.08
2023-12-10T13:00,7.56,4.94,5.36
2023-12-10T14:00,8.36,5.64,5.62
2023-12-10T15:00,9.14,6.34,5.9
2023-12-10T16:00,8.82,6.76,4.94
2023-12-10T17:00,8.52,7.2,3.96
2023-12-10T18:00,8.2,7.62,3.0
2023-12-10T19:00,7.78,7.26,2.7
2023-12-10T20:00,7.34,6.92,2.4
2023-12-10T21:00,6.92,6.56,2.1
2023-12-10T22:00,6.58,6.16,1.68
2023-12-10T23:00,6.24,5.78,1.28
2023-12-11T00:00,5.9,5.38,0.86
2023-12-11T01:00,5.66,5.3,0.72
2023-12-11T02:00,5.4,5.2,0.6
2023-12-11T03:00,5.16,5.12,0.46
2023-12-11T04:00,4.96,4.94,0.38
2023-12-11T05:00,4.78,4.74,0.3
2023-12-11T06:00,4.58,4.56,0.22
2023-12-11T07:00,4.44,4.38,0.4
2023-12-11T08:00,4.28,4.18,0.56
2023-12-11T09:00,4.14,4.0,0.74
2023-12-11T10:00,4.04,3.86,0.9
2023-12-11T11:00,3.94,3.74,1.08
2023-12-11T12:00,3.84,3.6,1.24
2023-12-11T13:00,3.84,3.58,1.3
2023-12-11T14:00,3.86,3.56,1.36
2023-12-11T15:00,3.86,3.54,1.42
2023-12-11T16:00,3.84,3.6,1.12
2023-12-11T17:00,3.8,3.66,0.82
2023-12-11T18:00,3.78,3.72,0.52
2023-12-11T19:00,3.76,3.7,0.48
2023-12-11T20:00,3.72,3.68,0.42
2023-12-11T21:00,3.7,3.66,0.38
2023-12-11T22:00,3.68,3.64,0.34
2023-12-11T23:00,3.66,3.62,0.3
2023-12-12T00:00,3.64,3.6,0.26
2023-12-12T01:00,3.6,3.56,0.26
2023-12-12T02:00,3.58,3.54,0.28
2023-12-12T03:00,3.54,3.5,0.28
2023-12-12T04:00,3.48,3.44,0.28
2023-12-12T05:00,3.42,3.38,0.3
2023-12-12T06:00,3.36,3.32,0.3
2023-12-12T07:00,3.3,3.24,0.46
2023-12-12T08:00,3.26,3.16,0.64
2023-12-12T09:00,3.2,3.08,0.8
2023-12-12T10:00,3.3,2.98,1.22
2023-12-12T11:00,3.4,2.88,1.64
2023-12-12T12:00,3.5,2.78,2.06
2023-12-12T13:00,3.64,2.64,2.4
2023-12-12T14:00,3.76,2.48,2.72
2023-12-12T15:00,3.9,2.34,3.06
2023-12-12T16:00,3.88,2.26,3.1
2023-12-12T17:00,3.88,2.16,3.14
2023-12-12T18:00,3.86,2.08,3.18
2023-12-12T19:00,3.82,2.02,3.16
2023-12-12T20:00,3.8,1.98,3.14
2023-12-12T21:00,3.76,1.92,3.12
2023-12-12T22:00,3.7,1.88,3.04
2023-12-12T23:00,3.62,1.82,2.96
2023-12-13T00:00,3.56,1.78,2.88
2023-12-13T01:00,3.46,1.74,2.7
2023-12-13T02:00,3.38,1.7,2.52
2023-12-13T03:00,3.28,1.66,2.34
2023-12-13T04:00,3.16,1.62,2.02
2023-12-13T05:00,3.06,1.56,1.68
2023-12-13T06:00,2.94,1.52,1.36
2023-12-13T07:00,2.82,1.54,1.16
2023-12-13T08:00,2.7,1.56,0.94
2023-12-13T09:00,2.58,1.58,0.74
2023-12-13T10:00,2.48,1.48,0.6
2023-12-13T11:00,2.36,1.38,0.48
2023-12-13T12:00,2.26,1.28,0.34
2023-12-13T13:00,2.18,1.26,0.46
2023-12-13T14:00,2.12,1.26,0.6
2023-12-13T15:00,2.04,1.24,0.72
2023-12-13T16:00,2.04,1.2,0.88
2023-12-13T17:00,2.02,1.18,1.02
2023-12-13T18:00,2.02,1.14,1.18
2023-12-13T19:00,2.14,1.02,1.42
2023-12-13T20:00,2.26,0.88,1.68
2023-12-13T21:00,2.38,0.76,1.92
2023-12-13T22:00,2.5,0.74,2.08
2023-12-13T23:00,2.64,0.7,2.26
2023-12-14T00:00,2.76,0.68,2.42
2023-12-14T01:00,2.92,1.0,2.42
2023-12-14T02:00,3.06,1.34,2.42
2023-12-14T03:00,3.22,1.66,2.42
2023-12-14T04:00,3.48,2.26,2.24
2023-12-14T05:00,3.72,2.88,2.08
2023-12-14T06:00,3.98,3.48,1.9
2023-12-14T07:00,4.38,3.9,1.96
2023-12-14T08:00,4.78,4.32,2.04
2023-12-14T09:00,5.18,4.74,2.1
2023-12-14T10:00,5.62,5.18,2.14
2023-12-14T11:00,6.04,5.64,2.2
2023-12-14T12:00,6.48,6.08,2.24
2023-12-14T13:00,6.68,6.34,2.06
2023-12-14T14:00,6.86,6.6,1.88
2023-12-14T15:00,7.06,6.86,1.7
2023-12-14T16:00,7.04,6.88,1.54
2023-12-14T17:00,7.04,6.9,1.36
2023-12-14T18:00,7.02,6.92,1.2
2023-12-14T19:00,6.96,6.86,1.24
2023-12-14T20:00,6.92,6.8,1.26
2023-12-14T21:00,6.86,6.74,1.3
2023-12-14T22:00,6.72,6.58,1.3
2023-12-14T23:00,6.56,6.44,1.32
2023-12-15T00:00,6.42,6.28,1.32
2023-12-15T01:00,6.26,6.1,1.34
2023-12-15T02:00,6.08,5.94,1.38
2023-12-15T03:00,5.92,5.76,1.4
2023-12-15T04:00,5.86,5.68,1.42
2023-12-15T05:00,5.8,5.62,1.44
2023-12-15T06:00,5.74,5.54,1.46
2023-12-15T07:00,5.78,5.56,1.54
2023-12-15T08:00,5.84,5.6,1.62
2023-12-15T09:00,5.88,5.62,1.7
2023-12-15T10:00,5.7,5.44,1.72
2023-12-15T11:00,5.54,5.24,1.72
2023-12-15T12:00,5.36,5.06,1.74
2023-12-15T13:00,5.3,5.0,1.76
2023-12-15T14:00,5.26,4.94,1.8
2023-12-15T15:00,5.2,4.88,1.82
2023-12-15T16:00,5.18,4.84,1.84
2023-12-15T17:00,5.16,4.82,1.88
2023-12-15T18:00,5.14,4.78,1.9
2023-12-15T19:00,5.2,4.82,2.0
2023-12-15T20:00,5.28,4.84,2.08
2023-12-15T21:00,5.34,4.88,2.18
2023-12-15T22:00,5.3,4.78,2.26
2023-12-15T23:00,5.24,4.68,2.34
2023-12-16T00:00,5.2,4.58,2.42
2023-12-16T01:00,5.16,4.52,2.44
2023-12-16T02:00,5.1,4.46,2.48
2023-12-16T03:00,5.06,4.4,2.5
2023-12-16T04:00,5.04,4.36,2.52
2023-12-16T05:00,5.0,4.32,2.52
2023-12-16T06:00,4.98,4.28,2.54
2023-12-16T07:00,4.94,4.22,2.54
2023-12-16T08:00,4.9,4.18,2.54
2023-12-16T09:00,4.86,4.12,2.54
2023-12-16T10:00,4.9,4.16,2.58
2023-12-16T11:00,4.96,4.18,2.6
2023-12-16T12:00,5.0,4.22,2.64
2023-12-16T13:00,5.0,4.04,2.64
2023-12-16T14:00,5.0,3.84,2.66
2023-12-16T15:00,5.0,3.66,2.66
2023-12-16T16:00,5.1,3.5,2.68
2023-12-16T17:00,5.18,3.34,2.7
2023-12-16T18:00,5.28,3.18,2.72
2023-12-16T19:00,5.24,3.34,2.86
2023-12-16T20:00,5.2,3.5,3.02
2023-12-16T21:00,5.16,3.66,3.16
2023-12-16T22:00,5.16,3.7,3.3
2023-12-16T23:00,5.18,3.72,3.44
2023-12-17T00:00,5.18,3.76,3.58
2023-12-17T01:00,5.2,3.74,3.62
2023-12-17T02:00,5.22,3.72,3.64
2023-12-17T03:00,5.24,3.7,3.68
2023-12-17T04:00,5.24,3.72,3.66
2023-12-17T05:00,5.22,3.72,3.62
2023-12-17T06:00,5.22,3.74,3.6
2023-12-17T07:00,5.2,3.72,3.58
2023-12-17T08:00,5.18,3.72,3.56
2023-12-17T09:00,5.16,3.7,3.54
2023-12-17T10:00,5.22,3.82,3.48
2023-12-17T11:00,5.26,3.92,3.44
2023-12-17T12:00,5.32,4.04,3.38
2023-12-17T13:00,5.22,4.12,3.06
2023-12-17T14:00,5.14,4.18,2.76
2023-12-17T15:00,5.04,4.26,2.44
2023-12-17T16:00,4.96,4.28,2.14
2023-12-17T17:00,4.86,4.28,1.86
2023-12-17T18:00,4.78,4.3,1.56
2023-12-17T19:00,4.7,4.1,1.34
2023-12-17T20:00,4.62,3.88,1.14
2023-12-17T21:00,4.54,3.68,0.92
2023-12-17T22:00,4.46,3.64,0.78
2023-12-17T23:00,4.4,3.62,0.64
2023-12-18T00:00,4.32,3.58,0.5
2023-12-18T01:00,4.24,3.42,0.44
2023-12-18T02:00,4.18,3.28,0.4
2023-12-18T03:00,4.1,3.12,0.34
2023-12-18T04:00,4.04,3.02,0.3
2023-12-18T05:00,3.96,2.94,0.24
2023-12-18T06:00,3.9,2.84,0.2
2023-12-18T07:00,3.84,2.78,0.24
2023-12-18T08:00,3.76,2.74,0.28
2023-12-18T09:00,3.7,2.68,0.32
2023-12-18T10:00,3.76,2.66,0.38
2023-12-18T11:00,3.8,2.66,0.46
2023-12-18T12:00,3.86,2.64,0.52
2023-12-18T13:00,3.76,2.7,0.54
2023-12-18T14:00,3.68,2.76,0.56
2023-12-18T15:00,3.58,2.82,0.58
2023-12-18T16:00,3.5,2.76,0.62
2023-12-18T17:00,3.4,2.72,0.66
2023-12-18T18:00,3.32,2.66,0.7
2023-12-18T19:00,3.3,2.64,0.78
2023-12-18T20:00,3.26,2.64,0.84
2023-12-18T21:00,3.24,2.62,0.92
2023-12-18T22:00,3.24,2.6,1.0
2023-12-18T23:00,3.22,2.6,1.1
2023-12-19T00:00,3.22,2.58,1.18
2023-12-19T01:00,3.24,2.54,1.34
2023-12-19T02:00,3.24,2.52,1.52
2023-12-19T03:00,3.26,2.48,1.68
2023-12-19T04:00,3.32,2.4,1.88
2023-12-19T05:00,3.38,2.32,2.08
2023-12-19T06:00,3.44,2.24,2.28
2023-12-19T07:00,3.52,2.4,2.34
2023-12-19T08:00,3.62,2.58,2.42
2023-12-19T09:00,3.7,2.74,2.48
2023-12-19T10:00,3.8,2.86,2.5
2023-12-19T11:00,3.9,3.0,2.52
2023-12-19T12:00,4.0,3.12,2.54
2023-12-19T13:00,4.16,3.12,2.7
2023-12-19T14:00,4.34,3.1,2.84
2023-12-19T15:00,4.5,3.1,3.0
2023-12-19T16:00,4.66,3.14,3.2
2023-12-19T17:00,4.82,3.16,3.4
2023-12-19T18:00,4.98,3.2,3.6
2023-12-19T19:00,5.14,3.24,3.8
2023-12-19T20:00,5.3,3.26,3.98
2023-12-19T21:00,5.46,3.3,4.18
2023-12-19T22:00,5.5,3.12,4.28
2023-12-19T23:00,5.54,2.94,4.38
2023-12-20T00:00,5.58,2.76,4.48
2023-12-20T01:00,5.62,2.68,4.52
2023-12-20T02:00,5.66,2.6,4.58
2023-12-20T03:00,5.7,2.52,4.62
2023-12-20T04:00,5.76,2.58,4.66
2023-12-20T05:00,5.8,2.64,4.68
2023-12-20T06:00,5.86,2.7,4.72
2023-12-20T07:00,5.94,3.14,4.62
2023-12-20T08:00,6.0,3.56,4.52
2023-12-20T09:00,6.08,4.0,4.42
2023-12-20T10:00,6.16,4.12,4.4
2023-12-20T11:00,6.24,4.24,4.36
2023-12-20T12:00,6.32,4.36,4.34
2023-12-20T13:00,6.36,4.44,4.3
2023-12-20T14:00,6.4,4.5,4.24
2023-12-20T15:00,6.44,4.58,4.2
2023-12-20T16:00,6.44,4.78,4.1
2023-12-20T17:00,6.46,4.98,3.98
2023-12-20T18:00,6.46,5.18,3.88
2023-12-20T19:00,6.52,4.84,4.24
2023-12-20T20:00,6.56,4.5,4.62
2023-12-20T21:00,6.62,4.16,4.98
2023-12-20T22:00,6.78,4.06,5.28
2023-12-20T23:00,6.94,3.96,5.6
2023-12-21T00:00,7.1,3.86,5.9
2023-12-21T01:00,7.26,3.46,6.16
2023-12-21T02:00,7.42,3.04,6.4
2023-12-21T03:00,7.58,2.64,6.66
2023-12-21T04:00,7.78,2.6,6.88
2023-12-21T05:00,7.96,2.58,7.08
2023-12-21T06:00,8.16,2.54,7.3
2023-12-21T07:00,8.2,2.72,7.24
2023-12-21T08:00,8.22,2.92,7.2
2023-12-21T09:00,8.26,3.1,7.14
2023-12-21T10:00,8.22,3.34,6.92
2023-12-21T11:00,8.18,3.6,6.72
2023-12-21T12:00,8.14,3.84,6.5
2023-12-21T13:00,8.18,4.14,6.42
2023-12-21T14:00,8.22,4.44,6.36
2023-12-21T15:00,8.26,4.74,6.28
2023-12-21T16:00,8.24,4.76,6.2
2023-12-21T17:00,8.24,4.78,6.14
2023-12-21T18:00,8.22,4.8,6.06
2023-12-21T19:00,8.16,4.84,5.98
2023-12-21T20:00,8.1,4.86,5.9
2023-12-21T21:00,8.04,4.9,5.82
2023-12-21T22:00,7.96,4.78,5.9
2023-12-21T23:00,7.86,4.64,5.98
2023-12-22T00:00,7.78,4.52,6.06
2023-12-22T01:00,7.68,4.66,5.8
2023-12-22T02:00,7.58,4.78,5.56
2023-12-22T03:00,7.48,4.92,5.3
2023-12-22T04:00,7.44,5.12,5.0
2023-12-22T05:00,7.38,5.32,4.68
2023-12-22T06:00,7.34,5.52,4.38
2023-12-22T07:00,7.12,5.26,4.38
2023-12-22T08:00,6.88,4.98,4.36
2023-12-22T09:00,6.66,4.72,4.36
2023-12-22T10:00,6.54,4.68,4.24
2023-12-22T11:00,6.42,4.62,4.14
2023-12-22T12:00,6.3,4.58,4.02
2023-12-22T13:00,6.14,4.6,3.78
2023-12-22T14:00,5.98,4.64,3.54
2023-12-22T15:00,5.82,4.66,3.3
2023-12-22T16:00,5.74,4.78,3.04
2023-12-22T17:00,5.68,4.88,2.76
2023-12-22T18:00,5.6,5.0,2.5
2023-12-22T19:00,5.42,4.72,2.62
2023-12-22T20:00,5.26,4.42,2.74
2023-12-22T21:00,5.08,4.14,2.86
2023-12-22T22:00,5.02,4.04,2.92
2023-12-22T23:00,4.98,3.92,3.0
2023-12-23T00:00,4.92,3.82,3.06
2023-12-23T01:00,4.88,3.86,2.96
2023-12-23T02:00,4.86,3.88,2.86
2023-12-23T03:00,4.82,3.92,2.76
2023-12-23T04:00,4.76,3.92,2.62
2023-12-23T05:00,4.72,3.94,2.46
2023-12-23T06:00,4.66,3.94,2.32
2023-12-23T07:00,4.66,3.84,2.48
2023-12-23T08:00,4.64,3.76,2.62
2023-12-23T09:00,4.64,3.66,2.78
2023-12-23T10:00,4.7,3.58,2.96
2023-12-23T11:00,4.76,3.5,3.12
2023-12-23T12:00,4.82,3.42,3.3
2023-12-23T13:00,4.84,3.34,3.42
2023-12-23T14:00,4.88,3.24,3.52
2023-12-23T15:00,4.9,3.16,3.64
2023-12-23T16:00,4.92,3.04,3.72
2023-12-23T17:00,4.92,2.94,3.8
2023-12-23T18:00,4.94,2.82,3.88
2023-12-23T19:00,5.04,3.0,3.84
2023-12-23T20:00,5.16,3.18,3.82
2023-12-23T21:00,5.26,3.36,3.78
2023-12-23T22:00,5.2,3.42,3.62
2023-12-23T23:00,5.14,3.48,3.48
2023-12-24T00:00,5.08,3.54,3.32
2023-12-24T01:00,5.08,3.42,3.38
2023-12-24T02:00,5.08,3.32,3.44
2023-12-24T03:00,5.08,3.2,3.5
2023-12-24T04:00,5.08,2.94,3.6
2023-12-24T05:00,5.08,2.7,3.72
2023-12-24T06:00,5.08,2.44,3.82
2023-12-24T07:00,5.12,2.54,3.8
2023-12-24T08:00,5.14,2.66,3.76
2023-12-24T09:00,5.18,2.76,3.74
2023-12-24T10:00,5.26,2.88,3.76
2023-12-24T11:00,5.36,3.02,3.78
2023-12-24T12:00,5.44,3.14,3.8
2023-12-24T13:00,5.44,3.32,3.56
2023-12-24T14:00,5.46,3.48,3.32
2023-12-24T15:00,5.46,3.66,3.08
2023-12-24T16:00,5.38,3.68,2.82
2023-12-24T17:00,5.3,3.68,2.58
2023-12-24T18:00,5.22,3.7,2.32
2023-12-24T19:00,5.12,3.62,2.4
2023-12-24T20:00,5.04,3.56,2.46
2023-12-24T21:00,4.94,3.48,2.54
2023-12-24T22:00,4.86,3.3,2.6
2023-12-24T23:00,4.78,3.1,2.66
2023-12-25T00:00,4.7,2.92,2.72
2023-12-25T01:00,4.68,2.78,2.76
2023-12-25T02:00,4.64,2.62,2.82
2023-12-25T03:00,4.62,2.48,2.86
2023-12-25T04:00,4.66,2.52,2.9
2023-12-25T05:00,4.72,2.56,2.92
2023-12-25T06:00,4.76,2.6,2.96
2023-12-25T07:00,4.84,2.48,3.16
2023-12-25T08:00,4.94,2.36,3.38
2023-12-25T09:00,5.02,2.24,3.58
2023-12-25T10:00,5.0,1.98,3.7
2023-12-25T11:00,4.98,1.72,3.8
2023-12-25T12:00,4.96,1.46,3.92
2023-12-25T13:00,5.08,1.56,4.12
2023-12-25T14:00,5.22,1.68,4.3
2023-12-25T15:00,5.34,1.78,4.5
2023-12-25T16:00,5.48,1.64,4.68
2023-12-25T17:00,5.6,1.5,4.84
2023-12-25T18:00,5.74,1.36,5.02
2023-12-25T19:00,5.74,2.16,4.7
2023-12-25T20:00,5.76,2.96,4.36
2023-12-25T21:00,5.76,3.76,4.04
2023-12-25T22:00,5.6,3.92,3.62
2023-12-25T23:00,5.44,4.08,3.18
2023-12-26T00:00,5.28,4.24,2.76
2023-12-26T01:00,5.06,4.24,2.24
2023-12-26T02:00,4.86,4.24,1.72
2023-12-26T03:00,4.64,4.24,1.2
2023-12-26T04:00,4.48,4.0,0.9
2023-12-26T05:00,4.32,3.74,0.62
2023-12-26T06:00,4.16,3.5,0.32
2023-12-26T07:00,4.04,3.34,0.32
2023-12-26T08:00,3.9,3.2,0.3
2023-12-26T09:00,3.78,3.04,0.3
2023-12-26T10:00,3.76,2.98,0.26
2023-12-26T11:00,3.74,2.94,0.24
2023-12-26T12:00,3.72,2.88,0.2
2023-12-26T13:00,3.64,2.74,0.34
2023-12-26T14:00,3.54,2.62,0.46
2023-12-26T15:00,3.46,2.48,0.6
2023-12-26T16:00,3.46,2.4,0.84
2023-12-26T17:00,3.48,2.34,1.06
2023-12-26T18:00,3.48,2.26,1.3
2023-12-26T19:00,3.48,2.28,1.4
2023-12-26T20:00,3.48,2.32,1.48
2023-12-26T21:00,3.48,2.34,1.58
2023-12-26T22:00,3.48,2.36,1.58
2023-12-26T23:00,3.46,2.36,1.56
2023-12-27T00:00,3.46,2.38,1.56
2023-12-27T01:00,3.42,2.36,1.46
2023-12-27T02:00,3.38,2.34,1.38
2023-12-27T03:00,3.34,2.32,1.28
2023-12-27T04:00,3.26,2.26,1.12
2023-12-27T05:00,3.2,2.18,0.94
2023-12-27T06:00,3.12,2.12,0.78
2023-12-27T07:00,3.12,2.1,0.94
2023-12-27T08:00,3.12,2.1,1.12
2023-12-27T09:00,3.12,2.08,1.28
2023-12-27T10:00,3.14,2.06,1.44
2023-12-27T11:00,3.16,2.06,1.62
2023-12-27T12:00,3.18,2.04,1.78
2023-12-27T13:00,3.28,2.02,1.94
2023-12-27T14:00,3.36,2.02,2.08
2023-12-27T15:00,3.46,2.0,2.24
2023-12-27T16:00,3.52,1.96,2.4
2023-12-27T17:00,3.6,1.92,2.54
2023-12-27T18:00,3.66,1.88,2.7
2023-12-27T19:00,3.88,2.2,2.68
2023-12-27T20:00,4.12,2.5,2.66
2023-12-27T21:00,4.34,2.82,2.64
2023-12-27T22:00,4.78,3.48,2.56
2023-12-27T23:00,5.2,4.12,2.48
2023-12-28T00:00,5.64,4.78,2.4
2023-12-28T01:00,5.98,4.64,3.18
2023-12-28T02:00,6.34,4.48,3.96
2023-12-28T03:00,6.68,4.34,4.74
2023-12-28T04:00,6.86,3.36,5.4
2023-12-28T05:00,7.04,2.36,6.08
2023-12-28T06:00,7.22,1.38,6.74
2023-12-28T07:00,7.16,1.46,6.64
2023-12-28T08:00,7.08,1.54,6.56
2023-12-28T09:00,7.02,1.62,6.46
2023-12-28T10:00,6.94,1.44,6.38
2023-12-28T11:00,6.88,1.28,6.32
2023-12-28T12:00,6.8,1.1,6.24
2023-12-28T13:00,6.84,1.38,6.28
2023-12-28T14:00,6.86,1.66,6.34
2023-12-28T15:00,6.9,1.94,6.38
2023-12-28T16:00,6.96,1.9,6.4
2023-12-28T17:00,7.02,1.84,6.42
2023-12-28T18:00,7.08,1.8,6.44
2023-12-28T19:00,7.04,1.9,6.38
2023-12-28T20:00,6.98,1.98,6.34
2023-12-28T21:00,6.94,2.08,6.28
2023-12-28T22:00,6.78,1.96,6.1
2023-12-28T23:00,6.64,1.86,5.92
2023-12-29T00:00,6.48,1.74,5.74
2023-12-29T01:00,6.3,1.72,5.44
2023-12-29T02:00,6.1,1.7,5.12
2023-12-29T03:00,5.92,1.68,4.82
2023-12-29T04:00,5.74,2.16,4.38
2023-12-29T05:00,5.58,2.62,3.96
2023-12-29T06:00,5.4,3.1,3.52
2023-12-29T07:00,5.3,2.96,3.58
2023-12-29T08:00,5.22,2.8,3.64
2023-12-29T09:00,5.12,2.66,3.7
2023-12-29T10:00,5.12,2.66,3.78
2023-12-29T11:00,5.1,2.68,3.84
2023-12-29T12:00,5.1,2.68,3.92
2023-12-29T13:00,5.04,2.68,3.58
2023-12-29T14:00,4.96,2.7,3.24
2023-12-29T15:00,4.9,2.7,2.9
2023-12-29T16:00,4.78,2.84,2.42
2023-12-29T17:00,4.68,2.96,1.96
2023-12-29T18:00,4.56,3.1,1.48
2023-12-29T19:00,4.46,3.14,1.5
2023-12-29T20:00,4.34,3.16,1.5
2023-12-29T21:00,4.24,3.2,1.52
2023-12-29T22:00,4.14,3.18,1.4
2023-12-29T23:00,4.02,3.14,1.28
2023-12-30T00:00,3.92,3.12,1.16
2023-12-30T01:00,3.9,2.94,1.46
2023-12-30T02:00,3.86,2.76,1.78
2023-12-30T03:00,3.84,2.58,2.08
2023-12-30T04:00,3.86,2.32,2.12
2023-12-30T05:00,3.86,2.08,2.18
2023-12-30T06:00,3.88,1.82,2.22
2023-12-30T07:00,4.22,1.8,2.82
2023-12-30T08:00,4.58,1.76,3.44
2023-12-30T09:00,4.92,1.74,4.04
2023-12-30T10:00,5.38,2.12,4.48
2023-12-30T11:00,5.82,2.52,4.94
2023-12-30T12:00,6.28,2.9,5.38
2023-12-30T13:00,6.72,3.5,5.5
2023-12-30T14:00,7.16,4.12,5.62
2023-12-30T15:00,7.6,4.72,5.74
2023-12-30T16:00,7.46,4.86,5.38
2023-12-30T17:00,7.32,4.98,5.04
2023-12-30T18:00,7.18,5.12,4.68
2023-12-30T19:00,7.06,5.12,4.56
2023-12-30T20:00,6.92,5.14,4.42
2023-12-30T21:00,6.8,5.14,4.3
2023-12-30T22:00,6.62,5.12,4.04
2023-12-30T23:00,6.42,5.08,3.78
2023-12-31T00:00,6.24,5.06,3.52
2023-12-31T01:00,6.08,4.86,3.48
2023-12-31T02:00,5.94,4.66,3.44
2023-12-31T03:00,5.78,4.46,3.4
2023-12-31T04:00,5.7,4.34,3.44
2023-12-31T05:00,5.64,4.24,3.48
2023-12-31T06:00,5.56,4.12,3.52
2023-12-31T07:00,5.6,3.88,3.76
2023-12-31T08:00,5.66,3.66,4.02
2023-12-31T09:00,5.7,3.42,4.26
2023-12-31T10:00,5.88,3.26,4.62
2023-12-31T11:00,6.06,3.08,4.96
2023-12-31T12:00,6.24,2.92,5.32
2023-12-31T13:00,6.32,2.96,5.38
2023-12-31T14:00,6.4,3.02,5.44
2023-12-31T15:00,6.48,3.06,5.5
2023-12-31T16:00,6.38,2.98,5.42
2023-12-31T17:00,6.3,2.92,5.36
2023-12-31T18:00,6.2,2.84,5.28
2023-12-31T19:00,6.02,2.58,5.08
2023-12-31T20:00,5.84,2.34,4.88
2023-12-31T21:00,5.66,2.08,4.68
2023-12-31T22:00,5.46,2.14,4.36
2023-12-31T23:00,5.28,2.18,4.04
