year,annual_mean_temp,model
1950,11.567671232876712,CMCC_CM2_VHR4
1951,10.51972602739726,CMCC_CM2_VHR4
1952,10.762841530054644,CMCC_CM2_VHR4
1953,10.613972602739725,CMCC_CM2_VHR4
1954,10.65945205479452,CMCC_CM2_VHR4
1955,11.692328767123287,CMCC_CM2_VHR4
1956,10.35191256830601,CMCC_CM2_VHR4
1957,12.11890410958904,CMCC_CM2_VHR4
1958,11.785753424657536,CMCC_CM2_VHR4
1959,11.432328767123288,CMCC_CM2_VHR4
1960,10.390710382513662,CMCC_CM2_VHR4
1961,11.136438356164383,CMCC_CM2_VHR4
1962,10.691780821917808,CMCC_CM2_VHR4
1963,11.353972602739725,CMCC_CM2_VHR4
1964,10.887158469945355,CMCC_CM2_VHR4
1965,10.435890410958903,CMCC_CM2_VHR4
1966,11.033150684931506,CMCC_CM2_VHR4
1967,10.525479452054794,CMCC_CM2_VHR4
1968,11.06120218579235,CMCC_CM2_VHR4
1969,10.783561643835617,CMCC_CM2_VHR4
1970,11.323835616438355,CMCC_CM2_VHR4
1971,10.653698630136986,CMCC_CM2_VHR4
1972,10.073770491803279,CMCC_CM2_VHR4
1973,11.123835616438356,CMCC_CM2_VHR4
1974,9.89123287671233,CMCC_CM2_VHR4
1975,9.84958904109589,CMCC_CM2_VHR4
1976,10.407377049180328,CMCC_CM2_VHR4
1977,10.901643835616438,CMCC_CM2_VHR4
1978,11.12931506849315,CMCC_CM2_VHR4
1979,9.863287671232877,CMCC_CM2_VHR4
1980,9.876502732240438,CMCC_CM2_VHR4
1981,11.468767123287673,CMCC_CM2_VHR4
1982,10.578356164383562,CMCC_CM2_VHR4
1983,10.826027397260274,CMCC_CM2_VHR4
1984,10.28688524590164,CMCC_CM2_VHR4
1985,11.401369863013699,CMCC_CM2_VHR4
1986,10.683561643835617,CMCC_CM2_VHR4
1987,10.22109589041096,CMCC_CM2_VHR4
1988,10.25327868852459,CMCC_CM2_VHR4
1989,10.856164383561644,CMCC_CM2_VHR4
1990,12.059999999999999,CMCC_CM2_VHR4
1991,10.979999999999999,CMCC_CM2_VHR4
1992,10.080601092896174,CMCC_CM2_VHR4
1993,10.567397260273973,CMCC_CM2_VHR4
1994,11.858082191780822,CMCC_CM2_VHR4
1995,10.837260273972602,CMCC_CM2_VHR4
1996,9.899453551912568,CMCC_CM2_VHR4
1997,11.981917808219178,CMCC_CM2_VHR4
1998,11.981369863013699,CMCC_CM2_VHR4
1999,12.146849315068494,CMCC_CM2_VHR4
2000,12.3551912568306,CMCC_CM2_VHR4
2001,12.265205479452055,CMCC_CM2_VHR4
2002,12.315342465753426,CMCC_CM2_VHR4
2003,12.303013698630139,CMCC_CM2_VHR4
2004,11.707377049180327,CMCC_CM2_VHR4
2005,12.414794520547945,CMCC_CM2_VHR4
2006,11.858082191780822,CMCC_CM2_VHR4
2007,12.094794520547946,CMCC_CM2_VHR4
2008,11.710655737704919,CMCC_CM2_VHR4
2009,12.132054794520547,CMCC_CM2_VHR4
2010,12.26054794520548,CMCC_CM2_VHR4
2011,12.406849315068493,CMCC_CM2_VHR4
2012,11.061475409836065,CMCC_CM2_VHR4
2013,11.74986301369863,CMCC_CM2_VHR4
2014,12.355616438356165,CMCC_CM2_VHR4
2015,11.664931506849314,CMCC_CM2_VHR4
2016,11.212841530054645,CMCC_CM2_VHR4
2017,11.4,CMCC_CM2_VHR4
2018,12.01041095890411,CMCC_CM2_VHR4
2019,11.414520547945205,CMCC_CM2_VHR4
2020,13.311202185792348,CMCC_CM2_VHR4
2021,11.317260273972604,CMCC_CM2_VHR4
2022,12.165753424657535,CMCC_CM2_VHR4
2023,13.07917808219178,CMCC_CM2_VHR4
2024,12.83688524590164,CMCC_CM2_VHR4
2025,12.141369863013699,CMCC_CM2_VHR4
2026,12.116164383561642,CMCC_CM2_VHR4
2027,11.997534246575343,CMCC_CM2_VHR4
2028,12.588251366120218,CMCC_CM2_VHR4
2029,12.293424657534247,CMCC_CM2_VHR4
2030,13.462739726027396,CMCC_CM2_VHR4
2031,12.890958904109588,CMCC_CM2_VHR4
2032,12.104371584699454,CMCC_CM2_VHR4
2033,12.478904109589042,CMCC_CM2_VHR4
2034,13.753698630136988,CMCC_CM2_VHR4
2035,13.757260273972602,CMCC_CM2_VHR4
2036,12.990983606557377,CMCC_CM2_VHR4
2037,12.621917808219179,CMCC_CM2_VHR4
2038,13.087397260273972,CMCC_CM2_VHR4
2039,12.846301369863014,CMCC_CM2_VHR4
2040,12.96639344262295,CMCC_CM2_VHR4
2041,12.904657534246574,CMCC_CM2_VHR4
2042,13.506301369863014,CMCC_CM2_VHR4
2043,13.564383561643835,CMCC_CM2_VHR4
2044,13.402459016393443,CMCC_CM2_VHR4
2045,13.048493150684932,CMCC_CM2_VHR4
2046,12.894520547945206,CMCC_CM2_VHR4
2047,13.828219178082191,CMCC_CM2_VHR4
2048,14.6775956284153,CMCC_CM2_VHR4
2049,13.241095890410959,CMCC_CM2_VHR4
2050,12.884109589041095,CMCC_CM2_VHR4
1950,11.307123287671233,FGOALS_f3_H
1951,11.823561643835617,FGOALS_f3_H
1952,10.374590163934426,FGOALS_f3_H
1953,11.601917808219177,FGOALS_f3_H
1954,12.140273972602738,FGOALS_f3_H
1955,11.423561643835617,FGOALS_f3_H
1956,11.360109289617487,FGOALS_f3_H
1957,11.810958904109588,FGOALS_f3_H
1958,11.614246575342465,FGOALS_f3_H
1959,11.607945205479451,FGOALS_f3_H
1960,11.102185792349728,FGOALS_f3_H
1961,11.425479452054795,FGOALS_f3_H
1962,10.858356164383562,FGOALS_f3_H
1963,10.871780821917808,FGOALS_f3_H
1964,9.405191256830602,FGOALS_f3_H
1965,11.482191780821918,FGOALS_f3_H
1966,10.851232876712329,FGOALS_f3_H
1967,12.434520547945207,FGOALS_f3_H
1968,11.089890710382514,FGOALS_f3_H
1969,10.481369863013699,FGOALS_f3_H
1970,11.753424657534246,FGOALS_f3_H
1971,11.523013698630136,FGOALS_f3_H
1972,11.493715846994535,FGOALS_f3_H
1973,10.703287671232877,FGOALS_f3_H
1974,10.921643835616438,FGOALS_f3_H
1975,10.467397260273973,FGOALS_f3_H
1976,10.874043715846994,FGOALS_f3_H
1977,10.59013698630137,FGOALS_f3_H
1978,11.334246575342465,FGOALS_f3_H
1979,10.915068493150685,FGOALS_f3_H
1980,11.103551912568307,FGOALS_f3_H
1981,10.493424657534247,FGOALS_f3_H
1982,10.94054794520548,FGOALS_f3_H
1983,11.02164383561644,FGOALS_f3_H
1984,11.358196721311476,FGOALS_f3_H
1985,11.696712328767124,FGOALS_f3_H
1986,10.762191780821917,FGOALS_f3_H
1987,11.187397260273972,FGOALS_f3_H
1988,10.522404371584699,FGOALS_f3_H
1989,10.691506849315068,FGOALS_f3_H
1990,11.237808219178083,FGOALS_f3_H
1991,11.767123287671232,FGOALS_f3_H
1992,10.669945355191256,FGOALS_f3_H
1993,11.524383561643834,FGOALS_f3_H
1994,11.293150684931506,FGOALS_f3_H
1995,12.07945205479452,FGOALS_f3_H
1996,11.191803278688525,FGOALS_f3_H
1997,11.331232876712328,FGOALS_f3_H
1998,10.732054794520547,FGOALS_f3_H
1999,11.246301369863012,FGOALS_f3_H
2000,11.39726775956284,FGOALS_f3_H
2001,11.015342465753424,FGOALS_f3_H
2002,10.906301369863014,FGOALS_f3_H
2003,11.224109589041097,FGOALS_f3_H
2004,11.28879781420765,FGOALS_f3_H
2005,11.095068493150684,FGOALS_f3_H
2006,11.808219178082192,FGOALS_f3_H
2007,11.344931506849314,FGOALS_f3_H
2008,11.334153005464481,FGOALS_f3_H
2009,10.772328767123287,FGOALS_f3_H
2010,10.651780821917809,FGOALS_f3_H
2011,11.495068493150685,FGOALS_f3_H
2012,11.383333333333335,FGOALS_f3_H
2013,12.029863013698629,FGOALS_f3_H
2014,11.127397260273973,FGOALS_f3_H
2015,12.04109589041096,FGOALS_f3_H
2016,11.248907103825138,FGOALS_f3_H
2017,12.332328767123288,FGOALS_f3_H
2018,11.709041095890411,FGOALS_f3_H
2019,12.13890410958904,FGOALS_f3_H
2020,11.943715846994534,FGOALS_f3_H
2021,12.432328767123288,FGOALS_f3_H
2022,11.706027397260273,FGOALS_f3_H
2023,11.263835616438357,FGOALS_f3_H
2024,11.402732240437157,FGOALS_f3_H
2025,11.701917808219177,FGOALS_f3_H
2026,12.457534246575342,FGOALS_f3_H
2027,12.301643835616439,FGOALS_f3_H
2028,11.903551912568306,FGOALS_f3_H
2029,12.12931506849315,FGOALS_f3_H
2030,11.426301369863015,FGOALS_f3_H
2031,11.653698630136986,FGOALS_f3_H
2032,11.851639344262294,FGOALS_f3_H
2033,12.875890410958904,FGOALS_f3_H
2034,12.386849315068492,FGOALS_f3_H
2035,12.065753424657535,FGOALS_f3_H
2036,12.672404371584701,FGOALS_f3_H
2037,11.946027397260275,FGOALS_f3_H
2038,11.9213698630137,FGOALS_f3_H
2039,12.763561643835615,FGOALS_f3_H
2040,12.508743169398906,FGOALS_f3_H
2041,11.805753424657535,FGOALS_f3_H
2042,11.508219178082191,FGOALS_f3_H
2043,12.944109589041098,FGOALS_f3_H
2044,12.472950819672132,FGOALS_f3_H
2045,13.276164383561644,FGOALS_f3_H
2046,12.468767123287673,FGOALS_f3_H
2047,12.584657534246574,FGOALS_f3_H
2048,11.379781420765028,FGOALS_f3_H
2049,13.047397260273973,FGOALS_f3_H
2050,12.371232876712329,FGOALS_f3_H
1950,11.474520547945206,HiRAM_SIT_HR
1951,11.052876712328768,HiRAM_SIT_HR
1952,10.857103825136612,HiRAM_SIT_HR
1953,11.06,HiRAM_SIT_HR
1954,10.013698630136986,HiRAM_SIT_HR
1955,10.808219178082192,HiRAM_SIT_HR
1956,10.56584699453552,HiRAM_SIT_HR
1957,10.291506849315068,HiRAM_SIT_HR
1958,11.11068493150685,HiRAM_SIT_HR
1959,11.516712328767124,HiRAM_SIT_HR
1960,10.690437158469944,HiRAM_SIT_HR
1961,11.284931506849315,HiRAM_SIT_HR
1962,11.213972602739727,HiRAM_SIT_HR
1963,10.625753424657535,HiRAM_SIT_HR
1964,11.719398907103825,HiRAM_SIT_HR
1965,11.516712328767124,HiRAM_SIT_HR
1966,10.984383561643837,HiRAM_SIT_HR
1967,10.737534246575342,HiRAM_SIT_HR
1968,10.868306010928963,HiRAM_SIT_HR
1969,10.858356164383562,HiRAM_SIT_HR
1970,10.524931506849315,HiRAM_SIT_HR
1971,11.106027397260274,HiRAM_SIT_HR
1972,10.703005464480874,HiRAM_SIT_HR
1973,10.674794520547946,HiRAM_SIT_HR
1974,11.003835616438357,HiRAM_SIT_HR
1975,11.557260273972602,HiRAM_SIT_HR
1976,10.608469945355191,HiRAM_SIT_HR
1977,11.093424657534246,HiRAM_SIT_HR
1978,10.55013698630137,HiRAM_SIT_HR
1979,10.76109589041096,HiRAM_SIT_HR
1980,10.707923497267759,HiRAM_SIT_HR
1981,11.227397260273973,HiRAM_SIT_HR
1982,9.863835616438356,HiRAM_SIT_HR
1983,11.396438356164383,HiRAM_SIT_HR
1984,11.165027322404372,HiRAM_SIT_HR
1985,10.810958904109588,HiRAM_SIT_HR
1986,10.372602739726027,HiRAM_SIT_HR
1987,11.478356164383563,HiRAM_SIT_HR
1988,11.09945355191257,HiRAM_SIT_HR
1989,10.91041095890411,HiRAM_SIT_HR
1990,12.023835616438356,HiRAM_SIT_HR
1991,10.428493150684933,HiRAM_SIT_HR
1992,10.689071038251365,HiRAM_SIT_HR
1993,10.272602739726027,HiRAM_SIT_HR
1994,11.199452054794522,HiRAM_SIT_HR
1995,11.100547945205479,HiRAM_SIT_HR
1996,10.826502732240437,HiRAM_SIT_HR
1997,12.365205479452055,HiRAM_SIT_HR
1998,11.709863013698632,HiRAM_SIT_HR
1999,11.298904109589042,HiRAM_SIT_HR
2000,11.278142076502732,HiRAM_SIT_HR
2001,11.18958904109589,HiRAM_SIT_HR
2002,11.544383561643835,HiRAM_SIT_HR
2003,12.165479452054793,HiRAM_SIT_HR
2004,11.39344262295082,HiRAM_SIT_HR
2005,11.480547945205478,HiRAM_SIT_HR
2006,11.540821917808218,HiRAM_SIT_HR
2007,11.338356164383562,HiRAM_SIT_HR
2008,11.589890710382512,HiRAM_SIT_HR
2009,11.553698630136987,HiRAM_SIT_HR
2010,11.661095890410959,HiRAM_SIT_HR
2011,11.554520547945204,HiRAM_SIT_HR
2012,11.924590163934425,HiRAM_SIT_HR
2013,11.813698630136987,HiRAM_SIT_HR
2014,12.082191780821917,HiRAM_SIT_HR
2015,11.29917808219178,HiRAM_SIT_HR
2016,11.76448087431694,HiRAM_SIT_HR
2017,11.8,HiRAM_SIT_HR
2018,12.690136986301368,HiRAM_SIT_HR
2019,11.090958904109588,HiRAM_SIT_HR
2020,11.46967213114754,HiRAM_SIT_HR
2021,12.193150684931506,HiRAM_SIT_HR
2022,11.445205479452055,HiRAM_SIT_HR
2023,11.613150684931508,HiRAM_SIT_HR
2024,11.896174863387978,HiRAM_SIT_HR
2025,12.737260273972604,HiRAM_SIT_HR
2026,12.453150684931506,HiRAM_SIT_HR
2027,12.423287671232877,HiRAM_SIT_HR
2028,12.125409836065574,HiRAM_SIT_HR
2029,11.60931506849315,HiRAM_SIT_HR
2030,11.292876712328766,HiRAM_SIT_HR
2031,12.719178082191782,HiRAM_SIT_HR
2032,12.283060109289618,HiRAM_SIT_HR
2033,12.556438356164385,HiRAM_SIT_HR
2034,12.241917808219178,HiRAM_SIT_HR
2035,11.70794520547945,HiRAM_SIT_HR
2036,12.22568306010929,HiRAM_SIT_HR
2037,11.747123287671233,HiRAM_SIT_HR
2038,12.916164383561643,HiRAM_SIT_HR
2039,11.936986301369863,HiRAM_SIT_HR
2040,11.408743169398909,HiRAM_SIT_HR
2041,13.039178082191782,HiRAM_SIT_HR
2042,12.704109589041096,HiRAM_SIT_HR
2043,13.445753424657534,HiRAM_SIT_HR
2044,11.911475409836067,HiRAM_SIT_HR
2045,13.023013698630136,HiRAM_SIT_HR
2046,11.328219178082191,HiRAM_SIT_HR
2047,12.846027397260274,HiRAM_SIT_HR
2048,12.739890710382515,HiRAM_SIT_HR
2049,12.781643835616439,HiRAM_SIT_HR
2050,13.768767123287672,HiRAM_SIT_HR
1950,10.737260273972602,MRI_AGCM3_2_S
1951,11.180547945205479,MRI_AGCM3_2_S
1952,12.09207650273224,MRI_AGCM3_2_S
1953,10.922739726027398,MRI_AGCM3_2_S
1954,11.120821917808218,MRI_AGCM3_2_S
1955,10.911780821917809,MRI_AGCM3_2_S
1956,10.272131147540984,MRI_AGCM3_2_S
1957,11.28821917808219,MRI_AGCM3_2_S
1958,11.736986301369862,MRI_AGCM3_2_S
1959,11.251506849315069,MRI_AGCM3_2_S
1960,11.027868852459015,MRI_AGCM3_2_S
1961,10.933150684931507,MRI_AGCM3_2_S
1962,10.595068493150684,MRI_AGCM3_2_S
1963,10.826849315068493,MRI_AGCM3_2_S
1964,11.290163934426229,MRI_AGCM3_2_S
1965,10.785205479452054,MRI_AGCM3_2_S
1966,11.322739726027399,MRI_AGCM3_2_S
1967,10.451506849315068,MRI_AGCM3_2_S
1968,10.555737704918034,MRI_AGCM3_2_S
1969,10.258904109589041,MRI_AGCM3_2_S
1970,11.410136986301369,MRI_AGCM3_2_S
1971,10.874246575342465,MRI_AGCM3_2_S
1972,11.223224043715847,MRI_AGCM3_2_S
1973,10.9213698630137,MRI_AGCM3_2_S
1974,10.028767123287672,MRI_AGCM3_2_S
1975,11.731780821917809,MRI_AGCM3_2_S
1976,10.640710382513662,MRI_AGCM3_2_S
1977,10.723013698630137,MRI_AGCM3_2_S
1978,10.583835616438355,MRI_AGCM3_2_S
1979,11.89068493150685,MRI_AGCM3_2_S
1980,11.171584699453552,MRI_AGCM3_2_S
1981,10.205479452054794,MRI_AGCM3_2_S
1982,10.666849315068493,MRI_AGCM3_2_S
1983,10.15972602739726,MRI_AGCM3_2_S
1984,10.90792349726776,MRI_AGCM3_2_S
1985,11.06986301369863,MRI_AGCM3_2_S
1986,10.263013698630138,MRI_AGCM3_2_S
1987,11.584657534246574,MRI_AGCM3_2_S
1988,11.069945355191257,MRI_AGCM3_2_S
1989,12.368767123287672,MRI_AGCM3_2_S
1990,11.2013698630137,MRI_AGCM3_2_S
1991,10.392602739726028,MRI_AGCM3_2_S
1992,10.196448087431694,MRI_AGCM3_2_S
1993,10.386575342465752,MRI_AGCM3_2_S
1994,11.835068493150686,MRI_AGCM3_2_S
1995,11.28109589041096,MRI_AGCM3_2_S
1996,11.71584699453552,MRI_AGCM3_2_S
1997,11.312328767123288,MRI_AGCM3_2_S
1998,11.794794520547946,MRI_AGCM3_2_S
1999,10.814246575342466,MRI_AGCM3_2_S
2000,12.111202185792349,MRI_AGCM3_2_S
2001,11.82054794520548,MRI_AGCM3_2_S
2002,13.101369863013698,MRI_AGCM3_2_S
2003,11.50054794520548,MRI_AGCM3_2_S
2004,11.748360655737704,MRI_AGCM3_2_S
2005,11.774794520547946,MRI_AGCM3_2_S
2006,11.435616438356165,MRI_AGCM3_2_S
2007,12.154246575342466,MRI_AGCM3_2_S
2008,10.703005464480874,MRI_AGCM3_2_S
2009,12.31890410958904,MRI_AGCM3_2_S
2010,11.868767123287672,MRI_AGCM3_2_S
2011,11.162191780821917,MRI_AGCM3_2_S
2012,10.683333333333334,MRI_AGCM3_2_S
2013,12.46931506849315,MRI_AGCM3_2_S
2014,10.607123287671232,MRI_AGCM3_2_S
2015,12.248493150684931,MRI_AGCM3_2_S
2016,12.239344262295083,MRI_AGCM3_2_S
2017,12.401917808219178,MRI_AGCM3_2_S
2018,11.312602739726028,MRI_AGCM3_2_S
2019,12.45945205479452,MRI_AGCM3_2_S
2020,11.28551912568306,MRI_AGCM3_2_S
2021,11.326849315068493,MRI_AGCM3_2_S
2022,10.622191780821918,MRI_AGCM3_2_S
2023,12.967945205479452,MRI_AGCM3_2_S
2024,12.342896174863387,MRI_AGCM3_2_S
2025,11.512602739726029,MRI_AGCM3_2_S
2026,12.355616438356165,MRI_AGCM3_2_S
2027,10.717534246575342,MRI_AGCM3_2_S
2028,11.662568306010929,MRI_AGCM3_2_S
2029,12.859178082191782,MRI_AGCM3_2_S
2030,12.789041095890411,MRI_AGCM3_2_S
2031,12.603835616438355,MRI_AGCM3_2_S
2032,12.020765027322405,MRI_AGCM3_2_S
2033,12.91041095890411,MRI_AGCM3_2_S
2034,12.812876712328766,MRI_AGCM3_2_S
2035,11.46109589041096,MRI_AGCM3_2_S
2036,12.762841530054644,MRI_AGCM3_2_S
2037,12.655890410958904,MRI_AGCM3_2_S
2038,12.013972602739727,MRI_AGCM3_2_S
2039,13.076438356164383,MRI_AGCM3_2_S
2040,13.058743169398907,MRI_AGCM3_2_S
2041,13.148767123287671,MRI_AGCM3_2_S
2042,13.233972602739724,MRI_AGCM3_2_S
2043,13.055068493150685,MRI_AGCM3_2_S
2044,13.474590163934426,MRI_AGCM3_2_S
2045,13.203287671232877,MRI_AGCM3_2_S
2046,12.55972602739726,MRI_AGCM3_2_S
2047,13.195890410958905,MRI_AGCM3_2_S
2048,12.423224043715846,MRI_AGCM3_2_S
2049,12.768767123287672,MRI_AGCM3_2_S
2050,13.802191780821918,MRI_AGCM3_2_S
1950,10.466301369863013,EC_Earth3P_HR
1951,11.20082191780822,EC_Earth3P_HR
1952,11.271857923497267,EC_Earth3P_HR
1953,12.304383561643837,EC_Earth3P_HR
1954,10.10986301369863,EC_Earth3P_HR
1955,11.376986301369865,EC_Earth3P_HR
1956,11.151092896174864,EC_Earth3P_HR
1957,11.687397260273972,EC_Earth3P_HR
1958,10.509041095890412,EC_Earth3P_HR
1959,10.868219178082192,EC_Earth3P_HR
1960,10.445901639344262,EC_Earth3P_HR
1961,11.755068493150686,EC_Earth3P_HR
1962,11.522739726027398,EC_Earth3P_HR
1963,11.004657534246574,EC_Earth3P_HR
1964,10.138251366120219,EC_Earth3P_HR
1965,11.050958904109589,EC_Earth3P_HR
1966,11.794794520547946,EC_Earth3P_HR
1967,10.785753424657536,EC_Earth3P_HR
1968,11.616120218579235,EC_Earth3P_HR
1969,10.15808219178082,EC_Earth3P_HR
1970,11.272054794520548,EC_Earth3P_HR
1971,9.362465753424658,EC_Earth3P_HR
1972,10.332513661202185,EC_Earth3P_HR
1973,12.052602739726026,EC_Earth3P_HR
1974,11.26027397260274,EC_Earth3P_HR
1975,11.356438356164384,EC_Earth3P_HR
1976,11.349180327868853,EC_Earth3P_HR
1977,11.307123287671233,EC_Earth3P_HR
1978,10.08931506849315,EC_Earth3P_HR
1979,10.789041095890411,EC_Earth3P_HR
1980,10.681967213114755,EC_Earth3P_HR
1981,10.563561643835616,EC_Earth3P_HR
1982,10.222465753424657,EC_Earth3P_HR
1983,9.979452054794521,EC_Earth3P_HR
1984,11.141530054644809,EC_Earth3P_HR
1985,10.230684931506849,EC_Earth3P_HR
1986,11.106301369863015,EC_Earth3P_HR
1987,11.104931506849315,EC_Earth3P_HR
1988,10.80136612021858,EC_Earth3P_HR
1989,11.670958904109588,EC_Earth3P_HR
1990,10.32027397260274,EC_Earth3P_HR
1991,9.973424657534247,EC_Earth3P_HR
1992,10.544262295081968,EC_Earth3P_HR
1993,11.354246575342467,EC_Earth3P_HR
1994,11.925479452054795,EC_Earth3P_HR
1995,12.302465753424656,EC_Earth3P_HR
1996,11.204371584699453,EC_Earth3P_HR
1997,10.438630136986301,EC_Earth3P_HR
1998,11.191780821917808,EC_Earth3P_HR
1999,11.474520547945206,EC_Earth3P_HR
2000,11.685245901639345,EC_Earth3P_HR
2001,11.638082191780821,EC_Earth3P_HR
2002,12.076712328767123,EC_Earth3P_HR
2003,11.77780821917808,EC_Earth3P_HR
2004,12.198907103825137,EC_Earth3P_HR
2005,11.8786301369863,EC_Earth3P_HR
2006,11.29205479452055,EC_Earth3P_HR
2007,12.316712328767125,EC_Earth3P_HR
2008,12.88087431693989,EC_Earth3P_HR
2009,11.204657534246575,EC_Earth3P_HR
2010,10.67917808219178,EC_Earth3P_HR
2011,10.124657534246575,EC_Earth3P_HR
2012,11.353278688524592,EC_Earth3P_HR
2013,12.133972602739725,EC_Earth3P_HR
2014,11.801369863013699,EC_Earth3P_HR
2015,11.69205479452055,EC_Earth3P_HR
2016,12.242622950819673,EC_Earth3P_HR
2017,11.766027397260276,EC_Earth3P_HR
2018,10.490136986301371,EC_Earth3P_HR
2019,12.36,EC_Earth3P_HR
2020,12.891530054644809,EC_Earth3P_HR
2021,12.047397260273973,EC_Earth3P_HR
2022,11.694246575342465,EC_Earth3P_HR
2023,12.328493150684931,EC_Earth3P_HR
2024,12.633060109289618,EC_Earth3P_HR
2025,12.606301369863015,EC_Earth3P_HR
2026,12.687945205479453,EC_Earth3P_HR
2027,12.57068493150685,EC_Earth3P_HR
2028,12.527049180327868,EC_Earth3P_HR
2029,12.732876712328768,EC_Earth3P_HR
2030,14.2986301369863,EC_Earth3P_HR
2031,13.300547945205478,EC_Earth3P_HR
2032,12.155737704918034,EC_Earth3P_HR
2033,11.651780821917807,EC_Earth3P_HR
2034,12.448767123287672,EC_Earth3P_HR
2035,11.68876712328767,EC_Earth3P_HR
2036,12.188524590163935,EC_Earth3P_HR
2037,13.428219178082193,EC_Earth3P_HR
2038,12.248219178082193,EC_Earth3P_HR
2039,12.181369863013698,EC_Earth3P_HR
2040,13.513387978142076,EC_Earth3P_HR
2041,12.55095890410959,EC_Earth3P_HR
2042,12.795616438356163,EC_Earth3P_HR
2043,12.861643835616439,EC_Earth3P_HR
2044,12.68415300546448,EC_Earth3P_HR
2045,13.810684931506849,EC_Earth3P_HR
2046,12.763287671232877,EC_Earth3P_HR
2047,13.621643835616437,EC_Earth3P_HR
2048,13.357923497267759,EC_Earth3P_HR
2049,13.213698630136987,EC_Earth3P_HR
1950,11.291506849315068,MPI_ESM1_2_XR
1951,10.336986301369864,MPI_ESM1_2_XR
1952,10.98415300546448,MPI_ESM1_2_XR
1953,11.332602739726026,MPI_ESM1_2_XR
1954,10.633698630136987,MPI_ESM1_2_XR
1955,11.072054794520549,MPI_ESM1_2_XR
1956,10.1775956284153,MPI_ESM1_2_XR
1957,11.41890410958904,MPI_ESM1_2_XR
1958,11.783835616438358,MPI_ESM1_2_XR
1959,11.56821917808219,MPI_ESM1_2_XR
1960,10.876775956284153,MPI_ESM1_2_XR
1961,11.998082191780822,MPI_ESM1_2_XR
1962,11.414520547945205,MPI_ESM1_2_XR
1963,10.05178082191781,MPI_ESM1_2_XR
1964,10.940710382513661,MPI_ESM1_2_XR
1965,10.823287671232876,MPI_ESM1_2_XR
1966,10.04054794520548,MPI_ESM1_2_XR
1967,11.013698630136986,MPI_ESM1_2_XR
1968,10.598087431693989,MPI_ESM1_2_XR
1969,11.128219178082192,MPI_ESM1_2_XR
1970,10.787397260273973,MPI_ESM1_2_XR
1971,9.979452054794521,MPI_ESM1_2_XR
1972,9.887431693989072,MPI_ESM1_2_XR
1973,11.284383561643835,MPI_ESM1_2_XR
1974,9.846027397260274,MPI_ESM1_2_XR
1975,10.823013698630136,MPI_ESM1_2_XR
1976,10.334699453551913,MPI_ESM1_2_XR
1977,10.866027397260273,MPI_ESM1_2_XR
1978,11.097534246575343,MPI_ESM1_2_XR
1979,9.935616438356165,MPI_ESM1_2_XR
1980,10.729234972677595,MPI_ESM1_2_XR
1981,11.528219178082193,MPI_ESM1_2_XR
1982,11.863013698630137,MPI_ESM1_2_XR
1983,10.845479452054795,MPI_ESM1_2_XR
1984,11.921311475409835,MPI_ESM1_2_XR
1985,11.424383561643834,MPI_ESM1_2_XR
1986,10.42876712328767,MPI_ESM1_2_XR
1987,10.109041095890412,MPI_ESM1_2_XR
1988,10.473224043715847,MPI_ESM1_2_XR
1989,10.966849315068494,MPI_ESM1_2_XR
1990,11.270958904109587,MPI_ESM1_2_XR
1991,11.287123287671234,MPI_ESM1_2_XR
1992,11.105737704918033,MPI_ESM1_2_XR
1993,11.191780821917808,MPI_ESM1_2_XR
1994,9.803287671232876,MPI_ESM1_2_XR
1995,11.282191780821918,MPI_ESM1_2_XR
1996,11.271311475409837,MPI_ESM1_2_XR
1997,11.125753424657535,MPI_ESM1_2_XR
1998,12.027397260273972,MPI_ESM1_2_XR
1999,11.489315068493152,MPI_ESM1_2_XR
2000,12.265027322404372,MPI_ESM1_2_XR
2001,12.226301369863014,MPI_ESM1_2_XR
2002,13.119452054794522,MPI_ESM1_2_XR
2003,11.643013698630137,MPI_ESM1_2_XR
2004,11.739890710382515,MPI_ESM1_2_XR
2005,10.03890410958904,MPI_ESM1_2_XR
2006,12.69972602739726,MPI_ESM1_2_XR
2007,11.57945205479452,MPI_ESM1_2_XR
2008,12.347814207650273,MPI_ESM1_2_XR
2009,11.629041095890411,MPI_ESM1_2_XR
2010,10.942191780821918,MPI_ESM1_2_XR
2011,11.253424657534246,MPI_ESM1_2_XR
2012,12.428142076502732,MPI_ESM1_2_XR
2013,11.22931506849315,MPI_ESM1_2_XR
2014,12.175890410958903,MPI_ESM1_2_XR
2015,11.902191780821918,MPI_ESM1_2_XR
2016,10.944535519125683,MPI_ESM1_2_XR
2017,12.17945205479452,MPI_ESM1_2_XR
2018,12.172602739726027,MPI_ESM1_2_XR
2019,12.208767123287672,MPI_ESM1_2_XR
2020,12.3724043715847,MPI_ESM1_2_XR
2021,11.811506849315068,MPI_ESM1_2_XR
2022,11.087397260273972,MPI_ESM1_2_XR
2023,11.95890410958904,MPI_ESM1_2_XR
2024,11.78360655737705,MPI_ESM1_2_XR
2025,12.386301369863014,MPI_ESM1_2_XR
2026,13.235890410958906,MPI_ESM1_2_XR
2027,11.6586301369863,MPI_ESM1_2_XR
2028,12.800273224043714,MPI_ESM1_2_XR
2029,12.17068493150685,MPI_ESM1_2_XR
2030,11.61753424657534,MPI_ESM1_2_XR
2031,11.468767123287673,MPI_ESM1_2_XR
2032,12.031967213114754,MPI_ESM1_2_XR
2033,12.054520547945204,MPI_ESM1_2_XR
2034,11.944109589041098,MPI_ESM1_2_XR
2035,13.58164383561644,MPI_ESM1_2_XR
2036,13.827322404371586,MPI_ESM1_2_XR
2037,12.673698630136986,MPI_ESM1_2_XR
2038,12.679726027397262,MPI_ESM1_2_XR
2039,12.98027397260274,MPI_ESM1_2_XR
2040,12.479234972677595,MPI_ESM1_2_XR
2041,12.652876712328768,MPI_ESM1_2_XR
2042,13.933972602739725,MPI_ESM1_2_XR
2043,13.5,MPI_ESM1_2_XR
2044,13.678142076502732,MPI_ESM1_2_XR
2045,13.402465753424657,MPI_ESM1_2_XR
2046,13.210684931506849,MPI_ESM1_2_XR
2047,13.45068493150685,MPI_ESM1_2_XR
2048,15.17841530054645,MPI_ESM1_2_XR
2049,12.706849315068494,MPI_ESM1_2_XR
2050,13.053698630136987,MPI_ESM1_2_XR
1950,11.515342465753426,NICAM16_8S
1951,11.165205479452055,NICAM16_8S
1952,11.608469945355191,NICAM16_8S
1953,11.05150684931507,NICAM16_8S
1954,11.026575342465753,NICAM16_8S
1955,11.687397260273972,NICAM16_8S
1956,10.640437158469945,NICAM16_8S
1957,10.535890410958904,NICAM16_8S
1958,10.845753424657534,NICAM16_8S
1959,10.833150684931507,NICAM16_8S
1960,10.958196721311475,NICAM16_8S
1961,11.217260273972602,NICAM16_8S
1962,9.89917808219178,NICAM16_8S
1963,11.075068493150685,NICAM16_8S
1964,10.312295081967214,NICAM16_8S
1965,10.745205479452055,NICAM16_8S
1966,10.973972602739726,NICAM16_8S
1967,11.768767123287672,NICAM16_8S
1968,10.95191256830601,NICAM16_8S
1969,10.64904109589041,NICAM16_8S
1970,10.496712328767124,NICAM16_8S
1971,11.064657534246574,NICAM16_8S
1972,10.930327868852459,NICAM16_8S
1973,11.147945205479452,NICAM16_8S
1974,10.864931506849315,NICAM16_8S
1975,10.34027397260274,NICAM16_8S
1976,10.184426229508198,NICAM16_8S
1977,11.153424657534247,NICAM16_8S
1978,11.311506849315068,NICAM16_8S
1979,11.427671232876714,NICAM16_8S
1980,11.033879781420765,NICAM16_8S
1981,10.76904109589041,NICAM16_8S
1982,10.592328767123288,NICAM16_8S
1983,11.028219178082193,NICAM16_8S
1984,11.272404371584699,NICAM16_8S
1985,10.46109589041096,NICAM16_8S
1986,11.08904109589041,NICAM16_8S
1987,10.90958904109589,NICAM16_8S
1988,10.38688524590164,NICAM16_8S
1989,12.18109589041096,NICAM16_8S
1990,10.828493150684931,NICAM16_8S
1991,11.055342465753425,NICAM16_8S
1992,10.434426229508198,NICAM16_8S
1993,10.598630136986301,NICAM16_8S
1994,10.813424657534247,NICAM16_8S
1995,10.843013698630136,NICAM16_8S
1996,10.871584699453551,NICAM16_8S
1997,11.602739726027398,NICAM16_8S
1998,12.185753424657534,NICAM16_8S
1999,11.096986301369864,NICAM16_8S
2000,11.896448087431695,NICAM16_8S
2001,11.545479452054796,NICAM16_8S
2002,12.289041095890411,NICAM16_8S
2003,11.82,NICAM16_8S
2004,12.270765027322405,NICAM16_8S
2005,12.56986301369863,NICAM16_8S
2006,11.989315068493152,NICAM16_8S
2007,12.636438356164383,NICAM16_8S
2008,11.468032786885246,NICAM16_8S
2009,11.323561643835617,NICAM16_8S
2010,11.641917808219178,NICAM16_8S
2011,11.085753424657534,NICAM16_8S
2012,12.189890710382514,NICAM16_8S
2013,11.508493150684933,NICAM16_8S
2014,11.895616438356164,NICAM16_8S
2015,11.784657534246575,NICAM16_8S
2016,11.46448087431694,NICAM16_8S
2017,10.863835616438356,NICAM16_8S
2018,11.702191780821918,NICAM16_8S
2019,11.798082191780823,NICAM16_8S
2020,11.400273224043715,NICAM16_8S
2021,10.841369863013698,NICAM16_8S
2022,12.409041095890412,NICAM16_8S
2023,11.752328767123288,NICAM16_8S
2024,11.726229508196722,NICAM16_8S
2025,11.88027397260274,NICAM16_8S
2026,11.985753424657535,NICAM16_8S
2027,10.773424657534248,NICAM16_8S
2028,12.396994535519125,NICAM16_8S
2029,12.168219178082191,NICAM16_8S
2030,11.781917808219177,NICAM16_8S
2031,12.320821917808221,NICAM16_8S
2032,10.897814207650272,NICAM16_8S
2033,12.801095890410958,NICAM16_8S
2034,12.644383561643835,NICAM16_8S
2035,12.7586301369863,NICAM16_8S
2036,12.331420765027323,NICAM16_8S
2037,12.33095890410959,NICAM16_8S
2038,12.552328767123289,NICAM16_8S
2039,12.456164383561644,NICAM16_8S
2040,12.408469945355192,NICAM16_8S
2041,12.67945205479452,NICAM16_8S
2042,12.75945205479452,NICAM16_8S
2043,12.77041095890411,NICAM16_8S
2044,12.337158469945354,NICAM16_8S
2045,12.381917808219177,NICAM16_8S
2046,12.123013698630135,NICAM16_8S
2047,12.80931506849315,NICAM16_8S
2048,13.244262295081967,NICAM16_8S
2049,12.06027397260274,NICAM16_8S
2050,12.858356164383562,NICAM16_8S
