date,temperature_2m_mean
2020-01-01,1.9
2020-01-02,-2.3
2020-01-03,-6.7
2020-01-04,0.9
2020-01-05,2.6
2020-01-06,1.3
2020-01-07,0.1
2020-01-08,-1.5
2020-01-09,-2.3
2020-01-10,1.4
2020-01-11,-1.0
2020-01-12,-3.1
2020-01-13,-1.5
2020-01-14,0.3
2020-01-15,0.3
2020-01-16,1.8
2020-01-17,-0.0
2020-01-18,-0.4
2020-01-19,5.5
2020-01-20,1.2
2020-01-21,2.4
2020-01-22,4.6
2020-01-23,-0.7
2020-01-24,-0.1
2020-01-25,1.4
2020-01-26,0.5
2020-01-27,-0.7
2020-01-28,-0.4
2020-01-29,-3.4
2020-01-30,-1.7
2020-01-31,-1.4
2020-02-01,-4.2
2020-02-02,-2.6
2020-02-03,-0.9
2020-02-04,2.6
2020-02-05,7.0
2020-02-06,5.8
2020-02-07,5.4
2020-02-08,1.9
2020-02-09,-2.0
2020-02-10,-0.2
2020-02-11,-1.8
2020-02-12,-4.8
2020-02-13,-4.6
2020-02-14,1.7
2020-02-15,0.4
2020-02-16,1.2
2020-02-17,0.5
2020-02-18,-1.9
2020-02-19,-1.5
2020-02-20,0.3
2020-02-21,-0.9
2020-02-22,-1.4
2020-02-23,-0.3
2020-02-24,0.1
2020-02-25,-2.8
2020-02-26,-4.0
2020-02-27,-3.6
2020-02-28,-0.5
2020-02-29,-1.0
2020-03-01,1.6
2020-03-02,1.4
2020-03-03,-1.1
2020-03-04,-2.1
2020-03-05,-2.2
2020-03-06,-3.3
2020-03-07,-1.9
2020-03-08,-2.7
2020-03-09,-3.0
2020-03-10,0.5
2020-03-11,-0.1
2020-03-12,-2.5
2020-03-13,-2.6
2020-03-14,-3.2
2020-03-15,-1.5
2020-03-16,2.1
2020-03-17,-0.3
2020-03-18,-1.3
2020-03-19,-1.7
2020-03-20,2.9
2020-03-21,-0.2
2020-03-22,1.7
2020-03-23,2.5
2020-03-24,1.3
2020-03-25,1.0
2020-03-26,0.7
2020-03-27,-0.5
2020-03-28,1.5
2020-03-29,5.3
2020-03-30,5.2
2020-03-31,5.0
2020-04-01,-0.7
2020-04-02,-2.6
2020-04-03,-4.0
2020-04-04,-4.7
2020-04-05,-3.6
2020-04-06,3.4
2020-04-07,1.0
2020-04-08,-0.3
2020-04-09,1.8
2020-04-10,1.9
2020-04-11,5.0
2020-04-12,3.8
2020-04-13,5.6
2020-04-14,4.0
2020-04-15,3.0
2020-04-16,4.2
2020-04-17,7.2
2020-04-18,5.2
2020-04-19,6.3
2020-04-20,8.1
2020-04-21,7.4
2020-04-22,5.6
2020-04-23,5.9
2020-04-24,5.3
2020-04-25,5.7
2020-04-26,5.8
2020-04-27,6.5
2020-04-28,5.1
2020-04-29,4.8
2020-04-30,5.3
2020-05-01,3.8
2020-05-02,2.0
2020-05-03,2.4
2020-05-04,6.9
2020-05-05,7.0
2020-05-06,5.8
2020-05-07,5.6
2020-05-08,4.0
2020-05-09,2.8
2020-05-10,4.5
2020-05-11,6.0
2020-05-12,4.6
2020-05-13,5.6
2020-05-14,6.2
2020-05-15,6.5
2020-05-16,5.3
2020-05-17,5.5
2020-05-18,6.3
2020-05-19,6.8
2020-05-20,6.5
2020-05-21,8.7
2020-05-22,10.3
2020-05-23,9.6
2020-05-24,6.9
2020-05-25,6.4
2020-05-26,5.7
2020-05-27,6.4
2020-05-28,8.9
2020-05-29,9.7
2020-05-30,8.1
2020-05-31,7.4
2020-06-01,7.9
2020-06-02,8.3
2020-06-03,7.8
2020-06-04,8.4
2020-06-05,5.5
2020-06-06,6.5
2020-06-07,8.6
2020-06-08,8.6
2020-06-09,7.4
2020-06-10,9.3
2020-06-11,9.8
2020-06-12,8.7
2020-06-13,7.7
2020-06-14,9.0
2020-06-15,8.8
2020-06-16,8.0
2020-06-17,9.4
2020-06-18,9.1
2020-06-19,10.6
2020-06-20,11.3
2020-06-21,14.9
2020-06-22,10.3
2020-06-23,9.3
2020-06-24,10.1
2020-06-25,9.2
2020-06-26,10.1
2020-06-27,11.4
2020-06-28,11.1
2020-06-29,14.4
2020-06-30,10.9
2020-07-01,10.3
2020-07-02,11.9
2020-07-03,10.8
2020-07-04,9.4
2020-07-05,11.3
2020-07-06,11.2
2020-07-07,10.4
2020-07-08,9.0
2020-07-09,10.0
2020-07-10,10.2
2020-07-11,10.9
2020-07-12,10.7
2020-07-13,10.9
2020-07-14,11.1
2020-07-15,10.8
2020-07-16,10.3
2020-07-17,7.5
2020-07-18,8.4
2020-07-19,9.2
2020-07-20,8.5
2020-07-21,9.7
2020-07-22,10.0
2020-07-23,10.8
2020-07-24,9.3
2020-07-25,8.9
2020-07-26,9.7
2020-07-27,9.0
2020-07-28,9.6
2020-07-29,11.1
2020-07-30,10.7
2020-07-31,11.1
2020-08-01,11.2
2020-08-02,9.8
2020-08-03,9.4
2020-08-04,9.4
2020-08-05,9.9
2020-08-06,10.3
2020-08-07,9.6
2020-08-08,9.3
2020-08-09,11.2
2020-08-10,11.9
2020-08-11,11.4
2020-08-12,10.1
2020-08-13,10.6
2020-08-14,10.4
2020-08-15,12.2
2020-08-16,13.2
2020-08-17,13.3
2020-08-18,13.3
2020-08-19,10.4
2020-08-20,10.8
2020-08-21,11.1
2020-08-22,9.2
2020-08-23,10.3
2020-08-24,9.5
2020-08-25,9.2
2020-08-26,8.2
2020-08-27,9.1
2020-08-28,9.3
2020-08-29,10.3
2020-08-30,11.4
2020-08-31,11.4
2020-09-01,10.4
2020-09-02,9.7
2020-09-03,7.6
2020-09-04,7.1
2020-09-05,7.6
2020-09-06,10.6
2020-09-07,8.3
2020-09-08,7.1
2020-09-09,6.4
2020-09-10,8.9
2020-09-11,9.0
2020-09-12,8.0
2020-09-13,7.1
2020-09-14,7.7
2020-09-15,6.9
2020-09-16,8.3
2020-09-17,8.8
2020-09-18,8.8
2020-09-19,8.4
2020-09-20,6.7
2020-09-21,4.5
2020-09-22,4.1
2020-09-23,2.4
2020-09-24,2.6
2020-09-25,3.2
2020-09-26,8.3
2020-09-27,6.6
2020-09-28,5.9
2020-09-29,4.7
2020-09-30,3.2
2020-10-01,4.4
2020-10-02,4.6
2020-10-03,4.2
2020-10-04,5.1
2020-10-05,4.0
2020-10-06,4.7
2020-10-07,4.9
2020-10-08,5.2
2020-10-09,5.4
2020-10-10,5.8
2020-10-11,7.7
2020-10-12,6.4
2020-10-13,6.3
2020-10-14,8.4
2020-10-15,8.2
2020-10-16,6.5
2020-10-17,6.3
2020-10-18,5.7
2020-10-19,3.3
2020-10-20,1.3
2020-10-21,3.2
2020-10-22,3.9
2020-10-23,5.1
2020-10-24,4.6
2020-10-25,4.7
2020-10-26,3.6
2020-10-27,3.7
2020-10-28,4.7
2020-10-29,6.0
2020-10-30,4.3
2020-10-31,4.7
2020-11-01,2.8
2020-11-02,2.9
2020-11-03,4.3
2020-11-04,7.3
2020-11-05,6.8
2020-11-06,3.1
2020-11-07,4.1
2020-11-08,3.4
2020-11-09,6.1
2020-11-10,3.5
2020-11-11,1.5
2020-11-12,3.2
2020-11-13,1.7
2020-11-14,0.8
2020-11-15,2.1
2020-11-16,1.1
2020-11-17,-1.9
2020-11-18,-4.9
2020-11-19,-2.8
2020-11-20,2.1
2020-11-21,1.5
2020-11-22,-0.1
2020-11-23,-2.0
2020-11-24,-0.1
2020-11-25,-0.3
2020-11-26,2.6
2020-11-27,1.4
2020-11-28,1.3
2020-11-29,1.9
2020-11-30,0.3
2020-12-01,4.6
2020-12-02,-2.2
2020-12-03,-5.1
2020-12-04,-5.5
2020-12-05,-5.3
2020-12-06,-1.2
2020-12-07,2.6
2020-12-08,1.6
2020-12-09,0.8
2020-12-10,3.9
2020-12-11,5.6
2020-12-12,6.2
2020-12-13,5.5
2020-12-14,4.2
2020-12-15,4.2
2020-12-16,3.5
2020-12-17,1.1
2020-12-18,2.3
2020-12-19,0.2
2020-12-20,0.5
2020-12-21,0.3
2020-12-22,-2.5
2020-12-23,0.2
2020-12-24,5.2
2020-12-25,2.4
2020-12-26,-2.9
2020-12-27,1.8
2020-12-28,-1.4
2020-12-29,-0.5
2020-12-30,-3.0
2020-12-31,-0.8
2021-01-01,-0.2
2021-01-02,5.6
2021-01-03,6.6
2021-01-04,2.6
2021-01-05,1.7
2021-01-06,-0.6
2021-01-07,-5.0
2021-01-08,2.7
2021-01-09,-4.9
2021-01-10,-6.6
2021-01-11,-5.2
2021-01-12,0.1
2021-01-13,3.5
2021-01-14,3.3
2021-01-15,2.5
2021-01-16,1.8
2021-01-17,1.5
2021-01-18,0.7
2021-01-19,-0.7
2021-01-20,-2.6
2021-01-21,-1.7
2021-01-22,-3.2
2021-01-23,-2.3
2021-01-24,-2.9
2021-01-25,-3.2
2021-01-26,-3.1
2021-01-27,-1.8
2021-01-28,-3.7
2021-01-29,-1.0
2021-01-30,-1.7
2021-01-31,-3.4
2021-02-01,-3.1
2021-02-02,0.3
2021-02-03,0.5
2021-02-04,1.3
2021-02-05,2.1
2021-02-06,1.1
2021-02-07,0.5
2021-02-08,0.9
2021-02-09,-0.7
2021-02-10,1.4
2021-02-11,2.3
2021-02-12,3.4
2021-02-13,4.0
2021-02-14,4.5
2021-02-15,4.5
2021-02-16,3.8
2021-02-17,1.3
2021-02-18,1.1
2021-02-19,0.6
2021-02-20,2.6
2021-02-21,1.5
2021-02-22,1.6
2021-02-23,1.9
2021-02-24,1.7
2021-02-25,2.1
2021-02-26,6.2
2021-02-27,6.0
2021-02-28,2.9
2021-03-01,3.1
2021-03-02,4.7
2021-03-03,3.9
2021-03-04,4.1
2021-03-05,4.8
2021-03-06,4.4
2021-03-07,3.7
2021-03-08,4.1
2021-03-09,1.0
2021-03-10,-1.0
2021-03-11,-1.8
2021-03-12,0.6
2021-03-13,-1.9
2021-03-14,-0.7
2021-03-15,3.7
2021-03-16,4.9
2021-03-17,7.8
2021-03-18,7.8
2021-03-19,6.5
2021-03-20,3.4
2021-03-21,6.2
2021-03-22,2.2
2021-03-23,1.3
2021-03-24,0.3
2021-03-25,-0.8
2021-03-26,-4.7
2021-03-27,-3.9
2021-03-28,0.5
2021-03-29,-0.8
2021-03-30,0.0
2021-03-31,2.7
2021-04-01,4.8
2021-04-02,4.4
2021-04-03,5.6
2021-04-04,-3.7
2021-04-05,-5.2
2021-04-06,-3.5
2021-04-07,-0.9
2021-04-08,-3.4
2021-04-09,-2.4
2021-04-10,-0.1
2021-04-11,2.5
2021-04-12,4.3
2021-04-13,5.3
2021-04-14,6.0
2021-04-15,7.3
2021-04-16,5.3
2021-04-17,3.9
2021-04-18,2.0
2021-04-19,1.2
2021-04-20,1.9
2021-04-21,4.9
2021-04-22,6.2
2021-04-23,7.3
2021-04-24,7.9
2021-04-25,6.8
2021-04-26,6.1
2021-04-27,6.0
2021-04-28,5.7
2021-04-29,5.6
2021-04-30,3.9
2021-05-01,3.0
2021-05-02,3.6
2021-05-03,3.4
2021-05-04,3.2
2021-05-05,3.0
2021-05-06,2.9
2021-05-07,2.8
2021-05-08,3.2
2021-05-09,2.9
2021-05-10,3.2
2021-05-11,2.1
2021-05-12,3.9
2021-05-13,3.8
2021-05-14,3.1
2021-05-15,4.0
2021-05-16,4.9
2021-05-17,4.9
2021-05-18,5.1
2021-05-19,4.7
2021-05-20,3.9
2021-05-21,5.5
2021-05-22,4.6
2021-05-23,5.9
2021-05-24,6.5
2021-05-25,7.1
2021-05-26,8.4
2021-05-27,8.1
2021-05-28,8.9
2021-05-29,7.7
2021-05-30,7.1
2021-05-31,7.0
2021-06-01,7.0
2021-06-02,7.7
2021-06-03,7.7
2021-06-04,9.6
2021-06-05,9.2
2021-06-06,8.9
2021-06-07,8.6
2021-06-08,8.7
2021-06-09,8.6
2021-06-10,7.8
2021-06-11,6.2
2021-06-12,6.5
2021-06-13,5.4
2021-06-14,5.8
2021-06-15,6.4
2021-06-16,5.9
2021-06-17,5.6
2021-06-18,6.1
2021-06-19,6.5
2021-06-20,6.8
2021-06-21,7.8
2021-06-22,7.4
2021-06-23,8.8
2021-06-24,9.2
2021-06-25,9.8
2021-06-26,11.3
2021-06-27,10.7
2021-06-28,9.6
2021-06-29,11.4
2021-06-30,11.0
2021-07-01,11.0
2021-07-02,10.6
2021-07-03,12.1
2021-07-04,12.0
2021-07-05,9.5
2021-07-06,10.4
2021-07-07,10.8
2021-07-08,11.4
2021-07-09,12.3
2021-07-10,12.7
2021-07-11,12.9
2021-07-12,11.8
2021-07-13,10.5
2021-07-14,9.6
2021-07-15,10.3
2021-07-16,10.2
2021-07-17,10.2
2021-07-18,9.5
2021-07-19,9.9
2021-07-20,11.5
2021-07-21,12.2
2021-07-22,12.7
2021-07-23,12.4
2021-07-24,11.4
2021-07-25,9.8
2021-07-26,9.2
2021-07-27,11.1
2021-07-28,12.4
2021-07-29,13.7
2021-07-30,14.8
2021-07-31,13.4
2021-08-01,12.2
2021-08-02,12.2
2021-08-03,12.1
2021-08-04,12.3
2021-08-05,11.9
2021-08-06,11.1
2021-08-07,12.0
2021-08-08,13.3
2021-08-09,13.9
2021-08-10,13.7
2021-08-11,11.8
2021-08-12,12.0
2021-08-13,12.5
2021-08-14,11.6
2021-08-15,11.3
2021-08-16,12.5
2021-08-17,11.8
2021-08-18,12.8
2021-08-19,12.4
2021-08-20,11.5
2021-08-21,10.5
2021-08-22,11.7
2021-08-23,14.0
2021-08-24,14.9
2021-08-25,13.6
2021-08-26,12.8
2021-08-27,12.4
2021-08-28,10.8
2021-08-29,11.1
2021-08-30,12.0
2021-08-31,12.9
2021-09-01,12.6
2021-09-02,12.5
2021-09-03,12.7
2021-09-04,12.3
2021-09-05,10.0
2021-09-06,10.0
2021-09-07,9.6
2021-09-08,9.1
2021-09-09,9.6
2021-09-10,9.6
2021-09-11,9.0
2021-09-12,9.2
2021-09-13,9.8
2021-09-14,8.2
2021-09-15,9.8
2021-09-16,10.4
2021-09-17,7.2
2021-09-18,7.0
2021-09-19,8.4
2021-09-20,8.7
2021-09-21,6.4
2021-09-22,4.1
2021-09-23,4.1
2021-09-24,5.4
2021-09-25,4.9
2021-09-26,4.6
2021-09-27,2.9
2021-09-28,2.5
2021-09-29,4.3
2021-09-30,4.8
2021-10-01,6.1
2021-10-02,5.4
2021-10-03,5.5
2021-10-04,4.6
2021-10-05,4.5
2021-10-06,4.9
2021-10-07,7.0
2021-10-08,8.7
2021-10-09,7.5
2021-10-10,5.0
2021-10-11,3.9
2021-10-12,7.5
2021-10-13,5.6
2021-10-14,2.1
2021-10-15,5.6
2021-10-16,3.2
2021-10-17,2.3
2021-10-18,6.9
2021-10-19,5.0
2021-10-20,0.3
2021-10-21,5.0
2021-10-22,4.3
2021-10-23,7.5
2021-10-24,6.4
2021-10-25,4.2
2021-10-26,3.8
2021-10-27,4.0
2021-10-28,2.4
2021-10-29,3.6
2021-10-30,2.8
2021-10-31,1.4
2021-11-01,1.0
2021-11-02,-1.3
2021-11-03,1.0
2021-11-04,4.7
2021-11-05,3.6
2021-11-06,1.7
2021-11-07,0.2
2021-11-08,4.8
2021-11-09,3.5
2021-11-10,1.0
2021-11-11,1.0
2021-11-12,0.8
2021-11-13,5.8
2021-11-14,5.3
2021-11-15,3.5
2021-11-16,2.1
2021-11-17,-1.4
2021-11-18,2.4
2021-11-19,3.2
2021-11-20,0.3
2021-11-21,4.1
2021-11-22,5.7
2021-11-23,1.8
2021-11-24,-0.5
2021-11-25,2.9
2021-11-26,-2.7
2021-11-27,1.4
2021-11-28,3.2
2021-11-29,1.5
2021-11-30,-0.8
2021-12-01,-2.9
2021-12-02,2.7
2021-12-03,-1.0
2021-12-04,-3.9
2021-12-05,2.2
2021-12-06,1.9
2021-12-07,-2.1
2021-12-08,-0.3
2021-12-09,0.8
2021-12-10,-1.4
2021-12-11,3.1
2021-12-12,4.2
2021-12-13,2.7
2021-12-14,2.6
2021-12-15,3.5
2021-12-16,6.5
2021-12-17,4.8
2021-12-18,6.6
2021-12-19,7.1
2021-12-20,5.4
2021-12-21,2.7
2021-12-22,0.8
2021-12-23,-1.2
2021-12-24,-1.1
2021-12-25,1.0
2021-12-26,-0.9
2021-12-27,-3.0
2021-12-28,-3.2
2021-12-29,-2.1
2021-12-30,-4.3
2021-12-31,-0.2
2022-01-01,-1.8
2022-01-02,-5.3
2022-01-03,-3.8
2022-01-04,-4.6
2022-01-05,2.4
2022-01-06,3.4
2022-01-07,1.3
2022-01-08,3.2
2022-01-09,2.4
2022-01-10,2.6
2022-01-11,2.7
2022-01-12,2.1
2022-01-13,0.9
2022-01-14,3.1
2022-01-15,0.2
2022-01-16,1.8
2022-01-17,6.0
2022-01-18,2.2
2022-01-19,-0.6
2022-01-20,5.8
2022-01-21,5.1
2022-01-22,1.7
2022-01-23,-1.0
2022-01-24,1.6
2022-01-25,2.6
2022-01-26,-0.9
2022-01-27,0.6
2022-01-28,0.1
2022-01-29,-2.2
2022-01-30,-0.6
2022-01-31,0.3
2022-02-01,-0.3
2022-02-02,-1.5
2022-02-03,-5.0
2022-02-04,-2.9
2022-02-05,-3.5
2022-02-06,-2.8
2022-02-07,0.5
2022-02-08,-1.0
2022-02-09,-3.4
2022-02-10,-4.0
2022-02-11,-2.3
2022-02-12,-7.5
2022-02-13,-4.6
2022-02-14,0.7
2022-02-15,-0.1
2022-02-16,-2.2
2022-02-17,-2.0
2022-02-18,-4.3
2022-02-19,-3.2
2022-02-20,-1.2
2022-02-21,0.0
2022-02-22,-0.1
2022-02-23,-3.0
2022-02-24,-3.6
2022-02-25,1.7
2022-02-26,1.7
2022-02-27,-0.2
2022-02-28,0.9
2022-03-01,0.6
2022-03-02,3.5
2022-03-03,1.9
2022-03-04,1.0
2022-03-05,3.2
2022-03-06,0.5
2022-03-07,-0.0
2022-03-08,3.3
2022-03-09,1.4
2022-03-10,2.9
2022-03-11,4.8
2022-03-12,1.4
2022-03-13,0.8
2022-03-14,3.0
2022-03-15,0.1
2022-03-16,-2.2
2022-03-17,-1.8
2022-03-18,-0.1
2022-03-19,0.9
2022-03-20,1.6
2022-03-21,1.5
2022-03-22,5.3
2022-03-23,4.5
2022-03-24,4.5
2022-03-25,3.4
2022-03-26,6.4
2022-03-27,2.9
2022-03-28,3.1
2022-03-29,1.9
2022-03-30,1.8
2022-03-31,2.5
2022-04-01,3.8
2022-04-02,5.4
2022-04-03,5.7
2022-04-04,1.7
2022-04-05,-2.3
2022-04-06,-2.4
2022-04-07,-2.5
2022-04-08,-0.6
2022-04-09,0.7
2022-04-10,2.9
2022-04-11,3.0
2022-04-12,4.5
2022-04-13,4.9
2022-04-14,7.3
2022-04-15,7.7
2022-04-16,7.8
2022-04-17,6.0
2022-04-18,4.6
2022-04-19,5.0
2022-04-20,6.3
2022-04-21,8.0
2022-04-22,7.4
2022-04-23,6.6
2022-04-24,5.3
2022-04-25,5.7
2022-04-26,5.6
2022-04-27,5.3
2022-04-28,6.5
2022-04-29,7.9
2022-04-30,6.2
2022-05-01,5.7
2022-05-02,3.9
2022-05-03,5.1
2022-05-04,2.1
2022-05-05,2.9
2022-05-06,3.2
2022-05-07,6.0
2022-05-08,9.8
2022-05-09,7.7
2022-05-10,5.9
2022-05-11,2.9
2022-05-12,3.0
2022-05-13,2.8
2022-05-14,4.8
2022-05-15,8.9
2022-05-16,11.3
2022-05-17,10.7
2022-05-18,10.2
2022-05-19,9.4
2022-05-20,9.8
2022-05-21,9.4
2022-05-22,8.2
2022-05-23,7.6
2022-05-24,6.7
2022-05-25,6.2
2022-05-26,7.4
2022-05-27,8.6
2022-05-28,10.0
2022-05-29,10.1
2022-05-30,9.0
2022-05-31,9.1
2022-06-01,9.6
2022-06-02,8.6
2022-06-03,7.3
2022-06-04,6.6
2022-06-05,7.3
2022-06-06,8.5
2022-06-07,11.1
2022-06-08,10.1
2022-06-09,11.7
2022-06-10,11.6
2022-06-11,9.7
2022-06-12,9.4
2022-06-13,10.2
2022-06-14,9.0
2022-06-15,8.7
2022-06-16,9.1
2022-06-17,9.0
2022-06-18,9.3
2022-06-19,10.2
2022-06-20,9.4
2022-06-21,8.2
2022-06-22,7.8
2022-06-23,6.6
2022-06-24,7.5
2022-06-25,7.9
2022-06-26,6.3
2022-06-27,8.2
2022-06-28,10.3
2022-06-29,11.5
2022-06-30,11.4
2022-07-01,10.7
2022-07-02,9.2
2022-07-03,9.6
2022-07-04,9.3
2022-07-05,10.5
2022-07-06,11.9
2022-07-07,10.3
2022-07-08,9.6
2022-07-09,10.6
2022-07-10,11.0
2022-07-11,11.3
2022-07-12,10.3
2022-07-13,8.9
2022-07-14,9.3
2022-07-15,9.5
2022-07-16,10.6
2022-07-17,10.2
2022-07-18,10.9
2022-07-19,10.8
2022-07-20,10.7
2022-07-21,10.7
2022-07-22,11.9
2022-07-23,10.9
2022-07-24,10.6
2022-07-25,10.4
2022-07-26,11.3
2022-07-27,11.4
2022-07-28,9.6
2022-07-29,9.5
2022-07-30,8.6
2022-07-31,9.2
2022-08-01,9.5
2022-08-02,9.3
2022-08-03,8.7
2022-08-04,8.8
2022-08-05,10.0
2022-08-06,11.9
2022-08-07,10.4
2022-08-08,10.2
2022-08-09,11.5
2022-08-10,9.6
2022-08-11,9.6
2022-08-12,10.5
2022-08-13,9.7
2022-08-14,9.4
2022-08-15,7.7
2022-08-16,9.2
2022-08-17,9.2
2022-08-18,9.9
2022-08-19,9.9
2022-08-20,9.1
2022-08-21,8.2
2022-08-22,10.2
2022-08-23,10.4
2022-08-24,9.8
2022-08-25,9.9
2022-08-26,8.4
2022-08-27,9.5
2022-08-28,11.0
2022-08-29,12.1
2022-08-30,11.4
2022-08-31,9.8
2022-09-01,8.6
2022-09-02,9.3
2022-09-03,9.6
2022-09-04,9.7
2022-09-05,10.2
2022-09-06,10.3
2022-09-07,10.3
2022-09-08,11.9
2022-09-09,11.2
2022-09-10,11.5
2022-09-11,8.8
2022-09-12,8.7
2022-09-13,8.4
2022-09-14,6.6
2022-09-15,6.4
2022-09-16,7.1
2022-09-17,8.6
2022-09-18,9.4
2022-09-19,10.4
2022-09-20,10.4
2022-09-21,8.9
2022-09-22,8.1
2022-09-23,8.3
2022-09-24,11.0
2022-09-25,8.2
2022-09-26,5.0
2022-09-27,4.9
2022-09-28,7.7
2022-09-29,8.7
2022-09-30,8.4
2022-10-01,8.1
2022-10-02,8.3
2022-10-03,8.0
2022-10-04,7.3
2022-10-05,5.8
2022-10-06,4.7
2022-10-07,4.2
2022-10-08,5.1
2022-10-09,2.8
2022-10-10,2.5
2022-10-11,5.6
2022-10-12,4.6
2022-10-13,3.2
2022-10-14,2.0
2022-10-15,2.7
2022-10-16,1.9
2022-10-17,1.8
2022-10-18,4.6
2022-10-19,5.4
2022-10-20,5.0
2022-10-21,2.6
2022-10-22,1.9
2022-10-23,5.1
2022-10-24,5.4
2022-10-25,6.1
2022-10-26,6.3
2022-10-27,3.2
2022-10-28,3.4
2022-10-29,5.0
2022-10-30,5.4
2022-10-31,6.0
2022-11-01,3.7
2022-11-02,1.9
2022-11-03,2.9
2022-11-04,3.2
2022-11-05,3.7
2022-11-06,3.9
2022-11-07,2.7
2022-11-08,3.3
2022-11-09,4.1
2022-11-10,3.4
2022-11-11,3.8
2022-11-12,4.5
2022-11-13,8.6
2022-11-14,5.9
2022-11-15,6.1
2022-11-16,6.7
2022-11-17,7.5
2022-11-18,4.6
2022-11-19,5.5
2022-11-20,4.9
2022-11-21,4.2
2022-11-22,3.6
2022-11-23,2.1
2022-11-24,5.6
2022-11-25,4.9
2022-11-26,3.5
2022-11-27,1.8
2022-11-28,1.0
2022-11-29,4.0
2022-11-30,7.9
2022-12-01,5.0
2022-12-02,4.3
2022-12-03,1.0
2022-12-04,3.0
2022-12-05,-1.1
2022-12-06,-0.7
2022-12-07,-1.9
2022-12-08,-4.0
2022-12-09,-2.3
2022-12-10,-3.2
2022-12-11,-2.9
2022-12-12,-3.7
2022-12-13,-5.4
2022-12-14,-6.9
2022-12-15,-7.9
2022-12-16,-8.3
2022-12-17,-2.7
2022-12-18,-7.7
2022-12-19,-5.4
2022-12-20,-2.5
2022-12-21,-2.7
2022-12-22,-6.3
2022-12-23,-7.3
2022-12-24,-6.3
2022-12-25,-5.7
2022-12-26,-8.7
2022-12-27,-4.6
2022-12-28,-6.1
2022-12-29,-7.9
2022-12-30,-10.2
2022-12-31,-5.7
2023-01-01,-4.6
2023-01-02,1.4
2023-01-03,-1.5
2023-01-04,-5.4
2023-01-05,-7.9
2023-01-06,-5.6
2023-01-07,-4.0
2023-01-08,0.7
2023-01-09,-0.8
2023-01-10,-1.2
2023-01-11,-5.0
2023-01-12,-2.6
2023-01-13,-4.1
2023-01-14,-8.6
2023-01-15,-12.3
2023-01-16,-12.4
2023-01-17,-6.0
2023-01-18,-12.5
2023-01-19,-8.1
2023-01-20,4.6
2023-01-21,2.7
2023-01-22,-0.5
2023-01-23,-1.6
2023-01-24,3.9
2023-01-25,1.4
2023-01-26,5.9
2023-01-27,2.0
2023-01-28,3.4
2023-01-29,0.4
2023-01-30,-1.4
2023-01-31,-2.2
2023-02-01,-4.1
2023-02-02,1.7
2023-02-03,3.5
2023-02-04,0.6
2023-02-05,5.8
2023-02-06,0.7
2023-02-07,-1.8
2023-02-08,-4.1
2023-02-09,-3.2
2023-02-10,3.2
2023-02-11,4.6
2023-02-12,3.5
2023-02-13,7.3
2023-02-14,3.0
2023-02-15,0.5
2023-02-16,0.3
2023-02-17,-0.3
2023-02-18,0.6
2023-02-19,1.8
2023-02-20,0.7
2023-02-21,-0.8
2023-02-22,1.6
2023-02-23,3.2
2023-02-24,5.6
2023-02-25,6.4
2023-02-26,6.9
2023-02-27,6.9
2023-02-28,6.2
2023-03-01,4.2
2023-03-02,5.7
2023-03-03,4.5
2023-03-04,3.9
2023-03-05,2.2
2023-03-06,-4.5
2023-03-07,-5.7
2023-03-08,-6.1
2023-03-09,-4.6
2023-03-10,-8.1
2023-03-11,-10.3
2023-03-12,-9.3
2023-03-13,-7.8
2023-03-14,-6.9
2023-03-15,-7.8
2023-03-16,-4.0
2023-03-17,-2.9
2023-03-18,-2.2
2023-03-19,-4.0
2023-03-20,-0.9
2023-03-21,0.3
2023-03-22,-0.1
2023-03-23,-0.7
2023-03-24,-1.8
2023-03-25,-1.5
2023-03-26,-1.6
2023-03-27,-3.1
2023-03-28,-0.6
2023-03-29,2.8
2023-03-30,3.5
2023-03-31,4.5
2023-04-01,3.2
2023-04-02,4.2
2023-04-03,6.2
2023-04-04,6.9
2023-04-05,5.0
2023-04-06,2.9
2023-04-07,5.2
2023-04-08,6.5
2023-04-09,6.8
2023-04-10,3.8
2023-04-11,3.1
2023-04-12,2.7
2023-04-13,2.7
2023-04-14,3.8
2023-04-15,5.1
2023-04-16,7.0
2023-04-17,8.6
2023-04-18,8.8
2023-04-19,8.9
2023-04-20,7.9
2023-04-21,5.7
2023-04-22,4.1
2023-04-23,3.9
2023-04-24,3.4
2023-04-25,2.6
2023-04-26,2.2
2023-04-27,1.4
2023-04-28,1.1
2023-04-29,-0.3
2023-04-30,2.3
2023-05-01,2.0
2023-05-02,4.1
2023-05-03,4.8
2023-05-04,5.1
2023-05-05,7.1
2023-05-06,7.8
2023-05-07,10.2
2023-05-08,9.4
2023-05-09,9.0
2023-05-10,8.1
2023-05-11,7.4
2023-05-12,6.9
2023-05-13,5.2
2023-05-14,4.7
2023-05-15,4.1
2023-05-16,4.8
2023-05-17,8.0
2023-05-18,8.0
2023-05-19,7.5
2023-05-20,5.5
2023-05-21,5.0
2023-05-22,5.8
2023-05-23,6.0
2023-05-24,5.8
2023-05-25,6.6
2023-05-26,6.3
2023-05-27,5.4
2023-05-28,6.7
2023-05-29,8.8
2023-05-30,7.2
2023-05-31,8.3
2023-06-01,10.2
2023-06-02,9.4
2023-06-03,9.5
2023-06-04,9.3
2023-06-05,8.2
2023-06-06,6.3
2023-06-07,6.9
2023-06-08,8.2
2023-06-09,8.1
2023-06-10,6.4
2023-06-11,8.1
2023-06-12,8.2
2023-06-13,9.2
2023-06-14,10.9
2023-06-15,13.1
2023-06-16,12.7
2023-06-17,12.0
2023-06-18,8.6
2023-06-19,8.1
2023-06-20,9.7
2023-06-21,8.8
2023-06-22,9.9
2023-06-23,11.9
2023-06-24,12.2
2023-06-25,9.1
2023-06-26,10.7
2023-06-27,11.5
2023-06-28,8.7
2023-06-29,7.8
2023-06-30,8.9
2023-07-01,9.4
2023-07-02,10.3
2023-07-03,10.5
2023-07-04,8.1
2023-07-05,7.5
2023-07-06,9.6
2023-07-07,11.2
2023-07-08,12.8
2023-07-09,13.5
2023-07-10,13.7
2023-07-11,13.5
2023-07-12,11.1
2023-07-13,8.7
2023-07-14,8.8
2023-07-15,9.1
2023-07-16,10.1
2023-07-17,10.3
2023-07-18,10.7
2023-07-19,10.7
2023-07-20,10.8
2023-07-21,12.5
2023-07-22,11.3
2023-07-23,11.2
2023-07-24,11.4
2023-07-25,11.9
2023-07-26,13.1
2023-07-27,12.2
2023-07-28,11.6
2023-07-29,11.3
2023-07-30,11.6
2023-07-31,11.3
2023-08-01,10.7
2023-08-02,11.1
2023-08-03,11.2
2023-08-04,11.0
2023-08-05,11.9
2023-08-06,11.0
2023-08-07,10.4
2023-08-08,10.9
2023-08-09,11.5
2023-08-10,12.7
2023-08-11,15.0
2023-08-12,12.9
2023-08-13,12.9
2023-08-14,12.5
2023-08-15,11.5
2023-08-16,12.2
2023-08-17,12.1
2023-08-18,13.2
2023-08-19,12.7
2023-08-20,11.9
2023-08-21,9.4
2023-08-22,10.3
2023-08-23,11.5
2023-08-24,11.6
2023-08-25,12.7
2023-08-26,12.7
2023-08-27,11.9
2023-08-28,11.3
2023-08-29,10.4
2023-08-30,10.4
2023-08-31,10.9
2023-09-01,11.0
2023-09-02,11.3
2023-09-03,8.8
2023-09-04,9.2
2023-09-05,10.9
2023-09-06,11.4
2023-09-07,10.5
2023-09-08,9.6
2023-09-09,8.7
2023-09-10,7.9
2023-09-11,6.8
2023-09-12,6.3
2023-09-13,7.9
2023-09-14,8.5
2023-09-15,7.5
2023-09-16,8.9
2023-09-17,7.8
2023-09-18,7.8
2023-09-19,8.6
2023-09-20,8.8
2023-09-21,4.9
2023-09-22,4.7
2023-09-23,6.5
2023-09-24,7.4
2023-09-25,8.9
2023-09-26,9.6
2023-09-27,8.9
2023-09-28,8.2
2023-09-29,5.4
2023-09-30,6.9
2023-10-01,8.9
2023-10-02,6.7
2023-10-03,5.3
2023-10-04,4.0
2023-10-05,4.2
2023-10-06,3.9
2023-10-07,2.4
2023-10-08,7.5
2023-10-09,7.0
2023-10-10,3.7
2023-10-11,3.0
2023-10-12,2.5
2023-10-13,1.0
2023-10-14,2.0
2023-10-15,6.5
2023-10-16,5.6
2023-10-17,6.7
2023-10-18,9.2
2023-10-19,9.3
2023-10-20,7.6
2023-10-21,6.0
2023-10-22,2.7
2023-10-23,2.3
2023-10-24,1.9
2023-10-25,6.5
2023-10-26,6.3
2023-10-27,4.4
2023-10-28,3.8
2023-10-29,1.0
2023-10-30,1.5
2023-10-31,1.6
2023-11-01,1.7
2023-11-02,0.8
2023-11-03,0.6
2023-11-04,2.6
2023-11-05,2.4
2023-11-06,1.7
2023-11-07,2.9
2023-11-08,3.7
2023-11-09,1.2
2023-11-10,-0.3
2023-11-11,2.2
2023-11-12,3.0
2023-11-13,3.2
2023-11-14,5.5
2023-11-15,3.9
2023-11-16,4.3
2023-11-17,4.4
2023-11-18,3.8
2023-11-19,-0.3
2023-11-20,4.0
2023-11-21,6.2
2023-11-22,2.6
2023-11-23,-0.4
2023-11-24,1.3
2023-11-25,4.3
2023-11-26,4.2
2023-11-27,5.3
2023-11-28,0.8
2023-11-29,1.3
2023-11-30,-0.7
2023-12-01,-2.4
2023-12-02,-4.1
2023-12-03,-1.9
2023-12-04,0.3
2023-12-05,-0.4
2023-12-06,-1.2
2023-12-07,0.1
2023-12-08,-4.0
2023-12-09,-3.0
2023-12-10,-2.8
2023-12-11,1.0
2023-12-12,-3.3
2023-12-13,5.1
2023-12-14,2.0
2023-12-15,2.7
2023-12-16,2.3
2023-12-17,1.4
2023-12-18,0.1
2023-12-19,0.2
2023-12-20,0.8
2023-12-21,-2.6
2023-12-22,-7.6
2023-12-23,-4.8
2023-12-24,-3.1
2023-12-25,-3.3
2023-12-26,-2.3
2023-12-27,-3.8
2023-12-28,-4.7
2023-12-29,-4.0
2023-12-30,-2.4
2023-12-31,-6.2
